week,channel,SARS-CoV2/PMMoV x 1000,infA/PMMoV x 1000,infB/PMMoV x 1000,
2020-38,Uppsala,0.03234712,NA,NA,
2020-39,Uppsala,0.18021966,NA,NA,
2020-40,Uppsala,0.86413015,NA,NA,
2020-41,Uppsala,0.79019388,NA,NA,
2020-42,Uppsala,1.86689079,NA,NA,
2020-43,Uppsala,3.75226565,NA,NA,
2020-44,Uppsala,2.20884604,NA,NA,
2020-45,Uppsala,6.0720161,NA,NA,
2020-46,Uppsala,11.3122491,NA,NA,
2020-47,Uppsala,5.6330195,NA,NA,
2020-48,Uppsala,2.54618027,NA,NA,
2020-49,Uppsala,2.21346706,NA,NA,
2020-50*,,0,NA,NA,
2020-51,Uppsala,0.89185625,NA,NA,
2020-52*,,0,NA,NA,
2020-53*,,0,NA,NA,
2021-01,Uppsala,2.42141281,NA,NA,
2021-02,Uppsala,2.90661958,NA,NA,
2021-03,Uppsala,0.85950913,NA,NA,
2021-04,Uppsala,1.81605961,NA,NA,
2021-05,Uppsala,0.73474168,NA,NA,
2021-06,Uppsala,1.35395793,NA,NA,
2021-07,Uppsala,4.21436733,NA,NA,
2021-08,Uppsala,2.29202434,NA,NA,
2021-09,Uppsala,12.3843251,NA,NA,
2021-10,Uppsala,5.89179644,NA,NA,
2021-11,Uppsala,5.25871714,NA,NA,
2021-11,Knivsta,6.5710859,NA,NA,
2021-12,Uppsala,3.91862226,NA,NA,
2021-13,Knivsta,4.95373002,NA,NA,
2021-13,Uppsala,11.8621502,NA,NA,
2021-13,Enköping,4.28368259,NA,NA,
2021-14,Knivsta,6.76978964,NA,NA,
2021-14,Älvkarleby,0.92882438,NA,NA,
2021-14,Uppsala,10.2540363,NA,NA,
2021-14,Enköping,10.8686315,NA,NA,
2021-14,Östhammar,1.96855316,NA,NA,
2021-15,Östhammar,7.22264925,NA,NA,
2021-15,Uppsala,2.67094772,NA,NA,
2021-15,Enköping,2.72639992,NA,NA,
2021-15,Knivsta,2.72639992,NA,NA,
2021-15,Älvkarleby,3.24857482,NA,NA,
2021-16,Uppsala,8.87697331,NA,NA,
2021-16,Knivsta,13.5072321,NA,NA,
2021-16,Östhammar,16.2752212,NA,NA,
2021-16,Älvkarleby,17.296466,NA,NA,
2021-16,Ekerö,3.85854904,NA,NA,
2021-16,Enköping,3.94172735,NA,NA,
2021-16,Tierp,4.05263175,NA,NA,
2021-17,Älvkarleby,4.84744664,NA,NA,
2021-17,Knivsta,5.1940229,NA,NA,
2021-17,Österåker,5.64226153,NA,NA,
2021-17,Östhammar,7.54149947,NA,NA,
2021-17,Vaxholm,1.17835929,NA,NA,
2021-17,Uppsala,1.88075384,NA,NA,
2021-17,Tierp,2.74488399,NA,NA,
2021-17,Ekerö,3.08683923,NA,NA,
2021-17,Enköping,3.08683923,NA,NA,
2021-18,Östhammar,0.18021966,NA,NA,
2021-18,Ekerö,0.37430236,NA,NA,
2021-18,Vaxholm,0.45285965,NA,NA,
2021-18,Österåker,0.65618439,NA,NA,
2021-18,Tierp,5.07849748,NA,NA,
2021-18,Knivsta,6.09512118,NA,NA,
2021-18,Uppsala,1.1829803,NA,NA,
2021-18,Enköping,1.96855316,NA,NA,
2021-18,Älvkarleby,2.47686501,NA,NA,
2021-19,Ekerö,0.10628339,NA,NA,
2021-19,Vaxholm,0.12014644,NA,NA,
2021-19,Tierp,0.26801898,NA,NA,
2021-19,Enköping,0.33733423,NA,NA,
2021-19,Österåker,1.1275281,NA,NA,
2021-19,Knivsta,11.1135455,NA,NA,
2021-19,Uppsala,3.0498711,NA,NA,
2021-19,Östhammar,1.56190368,NA,NA,
2021-19,Älvkarleby,4.57942767,NA,NA,
2021-20,Tierp,0.07393627,NA,NA,
2021-20,Österåker,0.18484067,NA,NA,
2021-20,Uppsala,0.21718779,NA,NA,
2021-20,Östhammar,0.23105084,NA,NA,
2021-20,Älvkarleby,0.27726101,NA,NA,
2021-20,Ekerö,0.30498711,NA,NA,
2021-20,Knivsta,0.69315252,NA,NA,
2021-20,Vaxholm,0.77170981,NA,NA,
2021-20,Enköping,3.93710633,NA,NA,
2021-21,Tierp,0.14787254,NA,NA,
2021-21,Älvkarleby,0.15249355,NA,NA,
2021-21,Österåker,0.17097762,NA,NA,
2021-21,Vaxholm,0.4112705,NA,NA,
2021-21,Östhammar,0.60073219,NA,NA,
2021-21,Uppsala,0.63770032,NA,NA,
2021-21,Ekerö,0.71163659,NA,NA,
2021-21,Knivsta,1.58038775,NA,NA,
2021-22,Tierp,0.16173559,NA,NA,
2021-22,Älvkarleby,0.33271321,NA,NA,
2021-22,Enköping,0.36043931,NA,NA,
2021-22,Vaxholm,0.40202846,NA,NA,
2021-22,Ekerö,0.57300609,NA,NA,
2021-22,Knivsta,0.60997422,NA,NA,
2021-22,Uppsala,0.73936269,NA,NA,
2021-22,Österåker,0.80867795,NA,NA,
2021-22,Östhammar,2.37058162,NA,NA,
2021-23,Tierp,0.03696813,NA,NA,
2021-23,Knivsta,0.06007322,NA,NA,
2021-23,Älvkarleby,0.07855729,NA,NA,
2021-23,Uppsala,0.09704135,NA,NA,
2021-23,Ekerö,0.12014644,NA,NA,
2021-23,Östhammar,0.15249355,NA,NA,
2021-23,Vaxholm,0.27726101,NA,NA,
2021-23,Österåker,0.30036609,NA,NA,
2021-23,Enköping,0.51293287,NA,NA,
2021-24,Tierp,0.0277261,NA,NA,
2021-24,Vaxholm,0.07855729,NA,NA,
2021-24,Ekerö,0.13400949,NA,NA,
2021-24,Österåker,0.22180881,NA,NA,
2021-24,Uppsala,0.27263999,NA,NA,
2021-24,Enköping,0.35119728,NA,NA,
2021-24,Östhammar,0.81791998,NA,NA,
2021-24,Knivsta,0.822541,NA,NA,
2021-24,Älvkarleby,0.91034031,NA,NA,
2021-25,Örebro,0.00737843,NA,NA,
2021-25,Umeå,0.00825817,NA,NA,
2021-25,Tierp,0.01598872,NA,NA,
2021-25,Östhammar,0.04052632,NA,NA,
2021-25,Uppsala,0.04126568,NA,NA,
2021-25,Älvkarleby,0.0445466,NA,NA,
2021-26,Tierp,0.00872476,NA,NA,
2021-26,Vaxholm,0.01792527,NA,NA,
2021-26,Umeå,0.02376142,NA,NA,
2021-26,Enköping,0.02606246,NA,NA,
2021-26,Knivsta,0.02955732,NA,NA,
2021-26,Ekerö,0.04443655,NA,NA,
2021-26,Uppsala,0.07314811,NA,NA,
2021-26,Örebro,0.07990387,NA,NA,
2021-26,Österåker,0.18835726,NA,NA,
2021-27,Örebro,0.0313357,NA,NA,
2021-27,Tierp,0.03552139,NA,NA,
2021-27,Umeå,0.13275678,NA,NA,
2021-27,Uppsala,0.15067732,NA,NA,
2021-28,Tierp,0.02735008,NA,NA,
2021-28,Örebro,0.03839413,NA,NA,
2021-28,Enköping,0.04605525,NA,NA,
2021-28,Umeå,0.09297393,NA,NA,
2021-28,Ekerö,0.10394109,NA,NA,
2021-28,Österåker,0.20670983,NA,NA,
2021-28,Uppsala,0.22649263,NA,NA,
2021-28,Vaxholm,0.51129214,NA,NA,
2021-29,Örebro,0.03067981,NA,NA,
2021-29,Umeå,0.11457357,NA,NA,
2021-29,Uppsala,0.19332908,NA,NA,
2021-30,Knivsta,0.00445098,NA,NA,
2021-30,Örebro,0.01605339,NA,NA,
2021-30,Österåker,0.02164226,NA,NA,
2021-30,Vaxholm,0.02278745,NA,NA,
2021-30,Umeå,0.02970475,NA,NA,
2021-30,Uppsala,0.0656681,NA,NA,
2021-30,Ekerö,0.13028874,NA,NA,
2021-31,Uppsala,0.03893749,NA,NA,
2021-31,Örebro,0.05845257,NA,NA,
2021-31,Umeå,0.21810388,NA,NA,
2021-32,Österåker,0.01794672,NA,NA,
2021-32,Tierp,0.03205363,NA,NA,
2021-32,Örebro,0.03648157,NA,NA,
2021-32,Uppsala,0.04561759,NA,NA,
2021-32,Knivsta,0.08752491,NA,NA,
2021-32,Ekerö,0.10490578,NA,NA,
2021-32,Vaxholm,0.15819344,NA,NA,
2021-32,Umeå,0.17150256,NA,NA,
2021-32,Enköping,0.20606918,NA,NA,
2021-33,Tierp,0.01248926,NA,NA,
2021-33,Uppsala,0.01334731,NA,NA,
2021-33,Örebro,0.06659861,NA,NA,
2021-33,Enköping,0.08552199,NA,NA,
2021-33,Umeå,0.33557725,NA,NA,
2021-34,Uppsala,0.14653637,NA,NA,
2021-34,Knivsta,0.1252688,NA,NA,
2021-34,Enköping,0.18791886,NA,NA,
2021-34,Tierp,0.00812601,NA,NA,
2021-34,Ekerö,0.17752581,NA,NA,
2021-34,Österåker,0.13069003,NA,NA,
2021-34,Umeå,0.07772399,NA,NA,
2021-34,Örebro,0.10456144,NA,NA,
2021-34,Kalmar,0.12440544,NA,NA,
2021-35,Uppsala,0.03907451,NA,NA,
2021-35,Enköping,0.08322253,NA,NA,
2021-35,Tierp,0.00811676,NA,NA,
2021-35,Umeå,0.014751,NA,NA,
2021-35,Örebro,0.03991593,NA,NA,
2021-36,Uppsala,0.16665666,NA,NA,
2021-36,Knivsta,0.09593869,NA,NA,
2021-36,Enköping,0.11096358,NA,NA,
2021-36,Älvkarleby,0.00404512,NA,NA,
2021-36,Östhammar,0.29900688,NA,NA,
2021-36,Tierp,0.33751692,NA,NA,
2021-36,Ekerö,0.04073996,NA,NA,
2021-36,Vaxholm,0.00581098,NA,NA,
2021-36,Österåker,0.03057043,NA,NA,
2021-36,Umeå,0.50666355,NA,NA,
2021-36,Örebro,0.13113205,NA,NA,
2021-36,Kalmar,0.15436837,NA,NA,
2021-37,Uppsala,0.31951269,NA,NA,
2021-37,Enköping,0.05638151,NA,NA,
2021-37,Älvkarleby,0.01067131,NA,NA,
2021-37,Östhammar,0.12843294,NA,NA,
2021-37,Tierp,0.09037004,NA,NA,
2021-37,Umeå,0.0786356,NA,NA,
2021-37,Örebro,0.05482191,NA,NA,
2021-37,Kalmar,0.03780627,NA,NA,
2021-38,Uppsala,0.02740163,NA,NA,
2021-38,Knivsta,0.01221905,NA,NA,
2021-38,Enköping,0.00864707,NA,NA,
2021-38,Älvkarleby,0.11907469,NA,NA,
2021-38,Östhammar,0.00701998,NA,NA,
2021-38,Tierp,0.0068178,NA,NA,
2021-38,Ekerö,0.01064877,NA,NA,
2021-38,Umeå,0.04541884,NA,NA,
2021-38,Örebro,0.02556557,NA,NA,
2021-38,Kalmar,0.01614889,NA,NA,
2021-39,Uppsala,0.1089265,NA,NA,
2021-39,Enköping,0.07941203,NA,NA,
2021-39,Älvkarleby,0.07246476,NA,NA,
2021-39,Östhammar,0.0507436,NA,NA,
2021-39,Tierp,0.00330311,NA,NA,
2021-39,Vaxholm,0.02539455,NA,NA,
2021-39,Österåker,0.79798044,NA,NA,
2021-39,Umeå,0.03701442,NA,NA,
2021-39,Örebro,0.02328894,NA,NA,
2021-39,Kalmar,0.00916616,NA,NA,
2021-40,Uppsala,0.1378019,NA,NA,
2021-40,Knivsta,0.02940764,NA,NA,
2021-40,Enköping,0.07941203,NA,NA,
2021-40,Älvkarleby,0.31097293,NA,NA,
2021-40,Östhammar,0.00873845,NA,NA,
2021-40,Tierp,0.02555223,NA,NA,
2021-40,Ekerö,0.060925,NA,NA,
2021-40,Umeå,0.16371152,NA,NA,
2021-40,Örebro,0.03561314,NA,NA,
2021-40,Kalmar,0.04075905,NA,NA,
2021-41,Uppsala,0.27802953,NA,NA,
2021-41,Älvkarleby,4.75822363,NA,NA,
2021-41,Östhammar,0.01669171,NA,NA,
2021-41,Tierp,0.00287813,NA,NA,
2021-41,Vaxholm,0.01923484,NA,NA,
2021-41,Österåker,0.30839667,NA,NA,
2021-41,Umeå,0.72822217,NA,NA,
2021-41,Örebro,0.09659404,NA,NA,
2021-41,Kalmar,0.09783013,NA,NA,
2021-42,Uppsala,0.15792245,NA,NA,
2021-42,Älvkarleby,1.4998583,NA,NA,
2021-42,Enköping,0.47513385,NA,NA,
2021-42,Östhammar,0.07919449,NA,NA,
2021-42,Tierp,0,NA,NA,
2021-42,Ekerö,0.0155047,NA,NA,
2021-42,Umeå,0.54262985,NA,NA,
2021-42,Örebro,0.03266696,NA,NA,
2021-42,Kalmar,0.13396449,NA,NA,
2021-43,Uppsala,0.3108191,NA,NA,
2021-43,Älvkarleby,0.40176337,NA,NA,
2021-43,Enköping,0.21838968,NA,NA,
2021-43,Östhammar,0.00464659,NA,NA,
2021-43,Tierp,0.013843,NA,NA,
2021-43,Vaxholm,0.41497867,NA,NA,
2021-43,Österåker,0.37532912,NA,NA,
2021-43,Kalmar,0.42320418,NA,NA,
2021-43,Umeå,0.32215079,NA,NA,
2021-43,Örebro,0.24826383,NA,NA,
2021-44,Uppsala,0.66446496,NA,NA,
2021-44,Älvkarleby,0.30535571,NA,NA,
2021-44,Enköping,0.13954831,NA,NA,
2021-44,Östhammar,0.03687776,NA,NA,
2021-44,Tierp,0.10464313,NA,NA,
2021-44,Ekerö,0.04161074,NA,NA,
2021-44,Kalmar,0.88295114,NA,NA,
2021-44,Umeå,0.36525372,NA,NA,
2021-44,Örebro,0.34047838,NA,NA,
2021-45,Uppsala,0.16330412,NA,NA,
2021-45,Älvkarleby,0.42451255,NA,NA,
2021-45,Enköping,0.24522827,NA,NA,
2021-45,Östhammar,0.04353077,NA,NA,
2021-45,Tierp,0.00947058,NA,NA,
2021-45,Kalmar,1.03533831,NA,NA,
2021-45,Umeå,1.2686461,NA,NA,
2021-45,Örebro,0.73504152,NA,NA,
2021-46,Uppsala,0.24859586,NA,NA,
2021-46,Älvkarleby,0.25283269,NA,NA,
2021-46,Enköping,1.62075111,NA,NA,
2021-46,Östhammar,0.01843254,NA,NA,
2021-46,Tierp,0.01999811,NA,NA,
2021-46,Kalmar,0.94125566,NA,NA,
2021-46,Umeå,2.00847582,NA,NA,
2021-46,Örebro,0.58262573,NA,NA,
2021-46,Ekerö,0.17817306,NA,NA,
2021-47,Uppsala,0.15807439,NA,NA,
2021-47,Älvkarleby,0.67273064,NA,NA,
2021-47,Enköping,0.57913101,NA,NA,
2021-47,Östhammar,0.07872155,NA,NA,
2021-47,Tierp,0.00600016,NA,NA,
2021-47,Kalmar,0.17170568,NA,NA,
2021-47,Umeå,0.29744709,NA,NA,
2021-47,Örebro,0.20989657,NA,NA,
2021-48,Ekerö,0.64735777,NA,NA,
2021-48,Uppsala,0.37070022,NA,NA,
2021-48,Älvkarleby,0.51637375,NA,NA,
2021-48,Enköping,0.35180759,NA,NA,
2021-48,Östhammar,0.98455571,NA,NA,
2021-48,Tierp,0.07082252,NA,NA,
2021-48,Kalmar,0.38361229,NA,NA,
2021-48,Umeå,0.36637768,NA,NA,
2021-48,Örebro,0.47376332,NA,NA,
2021-49,Uppsala,1.04371278,NA,NA,
2021-49,Älvkarleby,2.07265341,NA,NA,
2021-49,Enköping,0.79928599,NA,NA,
2021-49,Östhammar,0.22356336,NA,NA,
2021-49,Tierp,0.13879923,NA,NA,
2021-49,Kalmar,0.80577314,NA,NA,
2021-49,Umeå,0.86458468,NA,NA,
2021-49,Örebro,0.66280027,NA,NA,
2021-50,Ekerö,0.69511379,NA,NA,
2021-50,Uppsala,0.76970772,NA,NA,
2021-50,Älvkarleby,3.53938944,NA,NA,
2021-50,Enköping,0.31574719,NA,NA,
2021-50,Umeå,0.51653518,NA,NA,
2021-50,Örebro,0.52489768,NA,NA,
2021-50,Kalmar,0.46987713,NA,NA,
2021-50,Östhammar,0.17497128,NA,NA,
2021-50,Tierp,0.74896903,NA,NA,
2021-51,Uppsala,0.92660579,NA,NA,
2021-51,Älvkarleby,5.5021241,NA,NA,
2021-51,Knivsta,0.8782609,NA,NA,
2021-51,Örebro,0.75113013,NA,NA,
2021-51,Kalmar,0.84420794,NA,NA,
2021-51,Östhammar,0.33365916,NA,NA,
2021-51,Tierp,0.81785831,NA,NA,
2021-51,Umeå,0.95921596,NA,NA,
2021-52,Uppsala,1.83702194,NA,NA,
2021-52,Ekerö,4.53902148,NA,NA,
2021-52,Tierp,0.90016855,NA,NA,
2021-52,Örebro,1.59050229,NA,NA,
2021-52,Kalmar,1.72102692,NA,NA,
2021-52,Umeå,0.84284676,NA,NA,
2022-01,Uppsala,3.2098905,NA,NA,
2022-01,Knivsta,1.83743606,NA,NA,
2022-01,Tierp,1.00366329,NA,NA,
2022-01,Örebro,1.58020837,NA,NA,
2022-01,Kalmar,2.39138024,NA,NA,
2022-01,Umeå,2.03617566,NA,NA,
2022-01,Enköping,5.81076922,NA,NA,
2022-02,Uppsala,7.29006959,NA,NA,
2022-02,Ekerö,2.76378377,NA,NA,
2022-02,Tierp,2.19382774,NA,NA,
2022-02,Örebro,3.49289801,NA,NA,
2022-02,Kalmar,3.22810854,NA,NA,
2022-02,Umeå,2.90732923,NA,NA,
2022-02,Enköping,11.0058296,NA,NA,
2022-03,Uppsala,7.96057438,NA,NA,
2022-03,Knivsta,16.5986948,NA,NA,
2022-03,Tierp,3.67883372,NA,NA,
2022-03,Örebro,7.76111136,NA,NA,
2022-03,Kalmar,4.40859072,NA,NA,
2022-03,Umeå,6.91970967,NA,NA,
2022-03,Enköping,27.0016641,NA,NA,
2022-04,Uppsala,14.0432282,NA,NA,
2022-04,Ekerö,10.3879296,NA,NA,
2022-04,Enköping,26.7822285,NA,NA,
2022-04,Tierp,4.81105078,NA,NA,
2022-04,Örebro,6.76657267,NA,NA,
2022-04,Kalmar,7.83552564,NA,NA,
2022-04,Umeå,7.8280694,NA,NA,
2022-05,Uppsala,13.9463265,NA,NA,
2022-05,Knivsta,10.7390784,NA,NA,
2022-05,Tierp,3.05722114,NA,NA,
2022-05,Örebro,11.2199232,NA,NA,
2022-05,Kalmar,22.4435915,NA,NA,
2022-05,Umeå,12.9452213,NA,NA,
2022-05,Enköping,11.4610696,NA,NA,
2022-05,Östhammar,7.23852498,NA,NA,
2022-05,Älvkarleby,10.1708917,NA,NA,
2022-06,Älvkarleby,11.3285519,NA,NA,
2022-07,Älvkarleby,8.35619532,NA,NA,
2022-08,Älvkarleby,10.2432877,NA,NA,
2022-06,Örebro,6.55882362,NA,NA,
2022-07,Örebro,10.4171171,NA,NA,
2022-08,Örebro,7.34249561,NA,NA,
2022-06,Östhammar,16.253592,NA,NA,
2022-07,Östhammar,7.79621574,NA,NA,
2022-08,Östhammar,6.63019667,NA,NA,
2022-06,Ekerö,5.49052543,NA,NA,
2022-08,Ekerö,3.10160253,NA,NA,
2022-06,Enköping,11.2264577,NA,NA,
2022-07,Enköping,5.38573419,NA,NA,
2022-08,Enköping,8.80494833,NA,NA,
2022-06,Kalmar,16.954101,NA,NA,
2022-07,Kalmar,9.21418349,NA,NA,
2022-08,Kalmar,20.1282149,NA,NA,
2022-07,Knivsta,5.93918542,NA,NA,
2022-06,Tierp,5.49052543,NA,NA,
2022-07,Tierp,2.15237689,NA,NA,
2022-08,Tierp,9.33101433,NA,NA,
2022-06,Umeå,11.6098111,NA,NA,
2022-07,Umeå,23.7013109,NA,NA,
2022-08,Umeå,23.0846404,NA,NA,
2022-06,Uppsala,20.3805066,NA,NA,
2022-07,Uppsala,11.8313038,NA,NA,
2022-08,Uppsala,6.87290592,NA,NA,
2022-09,Uppsala,9.67213267,NA,NA,
2022-09,Knivsta,7.1465887,NA,NA,
2022-09,Tierp,3.18341717,NA,NA,
2022-09,Örebro,4.96595667,NA,NA,
2022-09,Kalmar,18.7405204,NA,NA,
2022-09,Umeå,36.7261336,NA,NA,
2022-09,Enköping,4.86376026,NA,NA,
2022-09,Östhammar,6.35835753,NA,NA,
2022-09,Älvkarleby,6.48776316,NA,NA,
2022-10,Uppsala,12.7815012,NA,NA,
2022-10,Ekerö,2.82131715,NA,NA,
2022-10,Tierp,4.39435039,NA,NA,
2022-10,Örebro,5.18400875,NA,NA,
2022-10,Kalmar,10.373917,NA,NA,
2022-10,Umeå,18.768071,NA,NA,
2022-10,Enköping,5.23181081,NA,NA,
2022-10,Östhammar,5.24881216,NA,NA,
2022-10,Älvkarleby,10.8220526,NA,NA,
2022-11,Uppsala,6.61135557,NA,NA,
2022-11,Tierp,0.82735833,NA,NA,
2022-11,Örebro,4.01059753,NA,NA,
2022-11,Kalmar,13.0459721,NA,NA,
2022-11,Umeå,10.6132873,NA,NA,
2022-11,Enköping,4.52761657,NA,NA,
2022-11,Östhammar,0.97079736,NA,NA,
2022-11,Älvkarleby,12.0745085,NA,NA,
2022-12,Uppsala,5.22671082,NA,NA,
2022-12,Enköping,4.19312143,NA,NA,
2022-12,Älvkarleby,6.4246736,NA,NA,
2022-12,Östhammar,3.41080657,NA,NA,
2022-12,Tierp,1.21618497,NA,NA,
2022-12,Ekerö,5.67164724,NA,NA,
2022-12,Umeå,12.2795734,NA,NA,
2022-12,Örebro,2.50044361,NA,NA,
2022-12,Kalmar,9.82675126,NA,NA,
2022-13,Uppsala,4.55857042,NA,NA,
2022-13,Enköping,11.953878,NA,NA,
2022-13,Älvkarleby,3.95324163,NA,NA,
2022-13,Östhammar,2.08326892,NA,NA,
2022-13,Tierp,0.60193367,NA,NA,
2022-13,Umeå,10.5991662,NA,NA,
2022-13,Örebro,4.09394983,NA,NA,
2022-13,Kalmar,8.26742503,NA,NA,
2022-14,Uppsala,4.50114845,NA,NA,
2022-14,Ekerö,21.1423536,NA,NA,
2022-14,Älvkarleby,8.22797127,NA,NA,
2022-14,Östhammar,7.37521563,NA,NA,
2022-14,Tierp,6.95637399,NA,NA,
2022-14,Umeå,10.5895652,NA,NA,
2022-14,Örebro,3.04391184,NA,NA,
2022-14,Kalmar,7.59986677,NA,NA,
2022-15,Uppsala,4.19287154,NA,NA,
2022-15,Älvkarleby,9.01424955,NA,NA,
2022-15,Östhammar,1.17355992,NA,NA,
2022-15,Tierp,1.84847696,NA,NA,
2022-15,Umeå,5.08883676,NA,NA,
2022-15,Örebro,2.83889629,NA,NA,
2022-15,Kalmar,4.14369436,NA,NA,
2022-16,Ekerö,1.33609441,NA,NA,
2022-16,Älvkarleby,5.56354948,NA,NA,
2022-16,Tierp,0.8480063,NA,NA,
2022-16,Umeå,8.36633835,NA,NA,
2022-16,Örebro,1.80614342,NA,NA,
2022-16,Kalmar,6.17800965,NA,NA,
2022-16,Uppsala,5.0705548,NA,NA,
2022-17,Uppsala,3.53224798,NA,NA,
2022-17,Älvkarleby,5.63220142,NA,NA,
2022-17,Östhammar,0.69018586,NA,NA,
2022-17,Tierp,0.6323831,NA,NA,
2022-17,Umeå,4.57482194,NA,NA,
2022-17,Örebro,1.4216737,NA,NA,
2022-17,Kalmar,3.00913345,NA,NA,
2022-18,Uppsala,2.67011139,NA,NA,
2022-18,Ekerö,1.71546965,NA,NA,
2022-18,Älvkarleby,2.80538783,NA,NA,
2022-18,Östhammar,1.13727388,NA,NA,
2022-18,Tierp,0.84489343,NA,NA,
2022-18,Umeå,3.92406072,NA,NA,
2022-18,Örebro,2.15079205,NA,NA,
2022-18,Kalmar,5.28983804,NA,NA,
2022-19,Uppsala,2.70953321,NA,NA,
2022-19,Älvkarleby,0.86612795,NA,NA,
2022-19,Östhammar,0.23027804,NA,NA,
2022-19,Tierp,0.38037138,NA,NA,
2022-19,Umeå,3.60342198,NA,NA,
2022-19,Örebro,0.75399892,NA,NA,
2022-19,Kalmar,0.91727234,NA,NA,
2022-20,Uppsala,1.68949723,NA,NA,
2022-20,Älvkarleby,1.61975358,NA,NA,
2022-20,Östhammar,0.59238069,NA,NA,
2022-20,Tierp,0.36959575,NA,NA,
2022-20,Umeå,1.39763169,NA,NA,
2022-20,Örebro,1.27069437,NA,NA,
2022-20,Kalmar,2.19345602,NA,NA,
2022-20,Ekerö,2.57112815,NA,NA,
2022-20,Enköping,1.02628859,NA,NA,
2022-21,Uppsala,2.48304358,NA,NA,
2022-21,Älvkarleby,1.22361973,NA,NA,
2022-21,Östhammar,0.78199638,NA,NA,
2022-21,Tierp,0.14164237,NA,NA,
2022-21,Umeå,1.57927623,NA,NA,
2022-21,Örebro,0.58441017,NA,NA,
2022-21,Kalmar,1.73424089,NA,NA,
2022-22,Uppsala,2.08418512,NA,NA,
2022-22,Älvkarleby,3.15683855,NA,NA,
2022-22,Östhammar,0.17549256,NA,NA,
2022-22,Tierp,0.19296911,NA,NA,
2022-22,Umeå,1.323705,NA,NA,
2022-22,Örebro,0.45955615,NA,NA,
2022-22,Ekerö,1.2482644,NA,NA,
2022-22,Kalmar,0.51302007,NA,NA,
2022-23,Uppsala,3.38621592,NA,NA,
2022-23,Älvkarleby,1.27476314,NA,NA,
2022-23,Östhammar,3.06636357,NA,NA,
2022-23,Umeå,2.92390924,NA,NA,
2022-23,Örebro,0.35811769,NA,NA,
2022-23,Kalmar,2.24612252,NA,NA,
2022-24,Uppsala,3.82458762,NA,NA,
2022-24,Östhammar,NA,NA,NA,
2022-24,Ekerö,5.07021378,NA,NA,
2022-24,Umeå,7.1288671,NA,NA,
2022-24,Örebro,1.22777346,NA,NA,
2022-24,Kalmar,2.37411593,NA,NA,
2022-25,Uppsala,6.87798733,NA,NA,
2022-25,Östhammar,NA,NA,NA,
2022-25,Älvkarleby,2.40831782,NA,NA,
2022-25,Örebro,1.16275715,NA,NA,
2022-25,Kalmar,3.94485998,NA,NA,
2022-26,Uppsala,8.3554604,NA,NA,
2022-26,Östhammar,NA,NA,NA,
2022-26,Tierp,1.7563157,NA,NA,
2022-26,Ekerö,9.85059818,NA,NA,
2022-26,Umeå,10.0297901,NA,NA,
2022-26,Kalmar,6.8869226,NA,NA,
2022-27,Uppsala,5.97204595,NA,NA,
2022-27,Östhammar,NA,NA,NA,
2022-27,Tierp,2.67181604,NA,NA,
2022-27,Älvkarleby,3.76368116,NA,NA,
2022-27,Örebro,1.72881412,NA,NA,
2022-27,Umeå,3.87599863,NA,NA,
2022-27,Kalmar,3.57087115,NA,NA,
2022-28,Uppsala,5.53166796,NA,NA,
2022-28,Östhammar,NA,NA,NA,
2022-28,Tierp,3.30616366,NA,NA,
2022-28,Ekeby,2.24907954,NA,NA,
2022-28,Örebro,0.6212203,NA,NA,
2022-28,Umeå,4.31085376,NA,NA,
2022-28,Kalmar,2.82207395,NA,NA,
2022-29,Uppsala,5.93038483,NA,NA,
2022-29,Östhammar,NA,NA,NA,
2022-29,Tierp,3.30086399,NA,NA,
2022-29,Örebro,2.38820252,NA,NA,
2022-29,Umeå,3.73293466,NA,NA,
2022-29,Kalmar,2.89543699,NA,NA,
2022-30,Uppsala,5.4938303,NA,NA,
2022-30,Östhammar,NA,NA,NA,
2022-30,Tierp,3.47342883,NA,NA,
2022-30,Ekerö,3.02448061,NA,NA,
2022-30,Örebro,3.27308981,NA,NA,
2022-30,Kalmar,9.46908826,NA,NA,
2022-31,Uppsala,7.38411695,NA,NA,
2022-31,Östhammar,NA,NA,NA,
2022-31,Tierp,4.03453189,NA,NA,
2022-31,Örebro,6.77502005,NA,NA,
2022-31,Umeå,8.89744196,NA,NA,
2022-31,Kalmar,6.42975502,NA,NA,
2022-32,Uppsala,4.870208,NA,NA,
2022-32,Östhammar,NA,NA,NA,
2022-32,Tierp,2.77539539,NA,NA,
2022-32,Ekerö,4.86505625,NA,NA,
2022-32,Örebro,2.99287704,NA,NA,
2022-32,Kalmar,5.06472283,NA,NA,
2022-32,Umeå,4.56926448,NA,NA,
2022-33,Uppsala,5.08145368,NA,NA,
2022-33,Östhammar,NA,NA,NA,
2022-33,Tierp,7.70263935,NA,NA,
2022-33,Kalmar,3.42576581,NA,NA,
2022-33,Örebro,0.82494481,NA,NA,
2022-33,Umeå,2.80493985,NA,NA,
2022-34,Uppsala,2.1177289,NA,NA,
2022-34,Östhammar,NA,NA,NA,
2022-34,Tierp,0.3887161,NA,NA,
2022-34,Kalmar,2.7553223,NA,NA,
2022-34,Umeå,2.33991219,NA,NA,
2022-34,Örebro,0.52547265,NA,NA,
2022-34,Ekerö,3.29967202,NA,NA,
2022-35,Uppsala,2.61366502,NA,NA,
2022-35,Östhammar,NA,NA,NA,
2022-35,Tierp,1.72999252,NA,NA,
2022-35,Örebro,1.8998125,NA,NA,
2022-35,Umeå,1.70486407,NA,NA,
2022-35,Kalmar,3.47080046,NA,NA,
2022-36,Uppsala,2.26156061,NA,NA,
2022-36,Östhammar,NA,NA,NA,
2022-36,Tierp,1.73831404,NA,NA,
2022-36,Ekerö,1.47448167,NA,NA,
2022-36,Örebro,2.34297471,NA,NA,
2022-36,Umeå,3.69785774,NA,NA,
2022-36,Kalmar,3.67547896,NA,NA,
2022-37,Uppsala,2.3467176,NA,NA,
2022-37,Östhammar,NA,NA,NA,
2022-37,Tierp,1.25666835,NA,NA,
2022-37,Örebro,1.17634972,NA,NA,
2022-37,Umeå,4.6214682,NA,NA,
2022-37,Kalmar,2.04266674,NA,NA,
2022-38,Uppsala,2.58417867,NA,NA,
2022-38,Östhammar,NA,NA,NA,
2022-38,Tierp,2.00087067,NA,NA,
2022-38,Ekerö,3.69822781,NA,NA,
2022-38,Örebro,1.22281717,NA,NA,
2022-38,Umeå,2.89475127,NA,NA,
2022-38,Kalmar,3.31031619,NA,NA,
2022-39,Uppsala,2.35631541,NA,NA,
2022-38,Östhammar,NA,NA,NA,
2022-38,Tierp,0.75667303,NA,NA,
2022-38,Örebro,1.32434692,NA,NA,
2022-38,Umeå,2.69707696,NA,NA,
2022-38,Kalmar,3.97567133,NA,NA,
2022-40,Uppsala,2.02381323,NA,NA,
2022-40,Östhammar,NA,NA,NA,
2022-40,Tierp,1.28181948,NA,NA,
2022-40,Ekerö,1.96020244,NA,NA,
2022-40,Örebro,1.1974306,NA,NA,
2022-40,Umeå,3.30291523,NA,NA,
2022-40,Kalmar,4.2678344,NA,NA,
2022-41,Uppsala,1.26623669,NA,NA,
2022-41,Östhammar,NA,NA,NA,
2022-41,Tierp,2.5595897,NA,NA,
2022-41,Örebro,2.98719481,NA,NA,
2022-41,Umeå,1.4500947,NA,NA,
2022-41,Kalmar,2.16736277,NA,NA,
2022-41,Jönköping,0.92272502,NA,NA,
2022-41,Enköping,1.91092006,NA,NA,
2022-42,Uppsala,3.79912832,NA,NA,
2022-42,Östhammar,NA,NA,NA,
2022-42,Tierp,3.54099451,NA,NA,
2022-42,Ekerö,2.37744599,NA,NA,
2022-42,Örebro,1.92339834,NA,NA,
2022-42,Umeå,2.42718406,NA,NA,
2022-42,Kalmar,7.49826706,NA,NA,
2022-42,Jönköping,3.26714661,NA,NA,
2022-43,Uppsala,3.09376597,NA,NA,
2022-43,Östhammar,NA,NA,NA,
2022-43,Tierp,2.27389788,NA,NA,
2022-43,Västerås,1.76658264,NA,NA,
2022-43,Örebro,2.350958,NA,NA,
2022-43,Umeå,4.91117673,NA,NA,
2022-43,Kalmar,6.65438465,NA,NA,
2022-43,Helsingborg,2.08898237,NA,NA,
2022-43,Jönköping,4.14234527,NA,NA,
2022-43,Östersund,3.15098567,NA,NA,
2022-44,Uppsala,3.29969851,NA,NA,
2022-44,Östhammar,NA,NA,NA,
2022-44,Tierp,1.13801223,NA,NA,
2022-44,Ekerö,3.66909661,NA,NA,
2022-44,Västerås,2.36501855,NA,NA,
2022-44,Örebro,1.22743168,NA,NA,
2022-44,Umeå,4.10372584,NA,NA,
2022-44,Kalmar,2.53368808,NA,NA,
2022-44,Helsingborg,3.73337463,NA,NA,
2022-44,Jönköping,2.45386311,NA,NA,
2022-45,Uppsala,2.04238908,NA,NA,
2022-45,Östhammar,NA,NA,NA,
2022-45,Tierp,0.47968725,NA,NA,
2022-45,Västerås,1.12007065,NA,NA,
2022-45,Örebro,0.71018817,NA,NA,
2022-45,Umeå,2.37048298,NA,NA,
2022-45,Kalmar,3.05881483,NA,NA,
2022-45,Helsingborg,1.57098414,NA,NA,
2022-45,Jönköping,3.42941715,NA,NA,
2022-46,Uppsala,3.4765389,NA,NA,
2022-46,Tierp,1.83041624,NA,NA,
2022-46,Älvkarleby,2.78597269,NA,NA,
2022-46,Östhammar,3.54747666,NA,NA,
2022-46,Ekerö,1.05802623,NA,NA,
2022-46,Gävle,3.73978824,NA,NA,
2022-46,Örebro,0.68167906,NA,NA,
2022-46,Umeå,3.1840789,NA,NA,
2022-46,Helsingborg,2.01446838,NA,NA,
2022-46,Jönköping,2.76432189,NA,NA,
2022-46,Västerås,0.77413612,NA,NA,
2022-46,Östersund,1.44717987,NA,NA,
2022-47,Älvkarleby,2.58084936,0,NA,
2022-47,Gävle,3.3322847,0.024091,NA,
2022-47,Helsingborg,1.65264351,0.018603,NA,
2022-47,Jönköping,1.76063422,0.033471,NA,
2022-47,Kalmar,2.85082613,0.021576,NA,
2022-47,Örebro,0.7372937,0,NA,
2022-47,Östersund,3.61640311,0.03801,NA,
2022-47,Östhammar,2.43107653,0,NA,
2022-47,Tierp,1.21810947,0.000805,NA,
2022-47,Umeå,3.96608731,0.028074,NA,
2022-47,Uppsala,4.31577151,0.036082,NA,
2022-47,Västerås,1.25860599,0.004835,NA,
2022-48,Ekerö,4.08367441,NA,NA,
2022-48,Gävle,8.63603042,NA,NA,
2022-48,Helsingborg,4.5638011,NA,NA,
2022-48,Jönköping,4.24006359,NA,NA,
2022-48,Tierp,3.10606153,NA,NA,
2022-48,Umeå,4.76214274,NA,NA,
2022-48,Uppsala,4.34891566,NA,NA,
2022-48,Älvkarleby,6.36147227,NA,NA,
2022-48,Östersund,7.54914251,NA,NA,
2022-48,Östhammar,7.83384008,NA,NA,
2022-48,Kalmar,10.5497601,NA,NA,
2022-49,Gävle,12.0396462,0.053744362,NA,
2022-49,Jönköping,6.76852975,0.019369793,NA,
2022-49,Kalmar,11.648032,0.02398695,NA,
2022-49,Tierp,15.5379345,0.0000,NA,
2022-49,Umeå,7.98789911,0.107958239,NA,
2022-49,Uppsala,9.1251634,0.042081039,NA,
2022-49,Västerås,5.83095185,0.025475812,NA,
2022-49,Älvkarleby,13.9287637,0.059284592,NA,
2022-49,Örebro,5.32285557,NA,NA,
2022-49,Östersund,12.3297877,0.03243166,NA,
2022-49,Östhammar,22.8293707,0.067508671,NA,
2022-50,Uppsala,10.2412494,0.061737034,NA,
2022-50,Tierp,7.82923544,0.071567269,NA,
2022-50,Älvkarleby,13.0368633,0.110254219,NA,
2022-50,Östhammar,26.9558035,0.219838872,NA,
2022-50,Ekerö,17.0743643,0.111934569,NA,
2022-50,Gävle,10.4819812,0.104806664,NA,
2022-50,Örebro,5.57779742,0.050268056,NA,
2022-50,Umeå,8.95882628,0.339449873,NA,
2022-50,Kalmar,4.87503189,NA,NA,
2022-50,Helsingborg,15.135147,0.035084923,NA,
2022-50,Jönköping,10.5610391,0.072001663,NA,
2022-50,Västerås,6.12370286,0.06255657,NA,
2022-50,Östersund,15.2456561,0.040458438,NA,
2022-51,Gävle,8.72474928,NA,NA,
2022-51,Helsingborg,18.5654026,NA,NA,
2022-51,Jönköping,14.9027177,NA,NA,
2022-51,Kalmar,7.29708641,NA,NA,
2022-51,Tierp,12.7030498,NA,NA,
2022-51,Umeå,10.4718847,NA,NA,
2022-51,Uppsala,14.668095,NA,NA,
2022-51,Västerås,9.76030304,NA,NA,
2022-51,Älvkarleby,10.7476467,NA,NA,
2022-51,Örebro,9.18949501,NA,NA,
2022-51,Östersund,25.4305261,NA,NA,
2022-51,Östhammar,61.6723363,NA,NA,
2022-52,Ekerö,16.400446,0.210891,NA,
2022-52,Gävle,12.3025843,0.169095,NA,
2022-52,Helsingborg,15.2826136,1.828743,NA,
2022-52,Jönköping,10.5181664,0.181742,NA,
2022-52,Kalmar,11.0478351,0.205898,NA,
2022-52,Tierp,9.94735837,0.154578,NA,
2022-52,Umeå,19.6735929,0.310046,NA,
2022-52,Uppsala,16.2172475,0.130951,NA,
2022-52,Älvkarleby,19.222346,0.081593,NA,
2022-52,Örebro,15.1951925,0.129962,NA,
2022-52,Östersund,22.1972329,0.340386,NA,
2022-52,Östhammar,17.9065307,0.238967,NA,
2022-52,Västerås,11.2829269,NA,NA,
2023-01,Gävle,6.97374552,NA,NA,
2023-01,Helsingborg,12.7436846,NA,NA,
2023-01,Jönköping,9.00778342,NA,NA,
2023-01,Kalmar,13.3107209,NA,NA,
2023-01,Umeå,4.93163122,NA,NA,
2023-01,Uppsala,10.4485044,NA,NA,
2023-01,Västerås,2.64297073,NA,NA,
2023-01,Älvkarleby,23.504558,NA,NA,
2023-01,Örebro,4.23970033,NA,NA,
2023-01,Östersund,20.2631744,NA,NA,
2023-01,Östhammar,20.3662231,NA,NA,
2023-02,Uppsala,6.77313702,NA,NA,
2023-02,Östhammar,3.30449996,NA,NA,
2023-02,Östersund,6.95263287,NA,NA,
2023-02,Älvkarleby,11.154164,NA,NA,
2023-02,Örebro,5.53168296,NA,NA,
2023-02,Umeå,4.41846044,NA,NA,
2023-02,Gävle,5.8848244,NA,NA,
2023-02,Helsingborg,6.60317566,NA,NA,
2023-02,Västerås,2.10347388,NA,NA,
2023-02,Jönköping,11.3408095,NA,NA,
2023-02,Kalmar,8.79259424,NA,NA,
2023-03,Uppsala,4.01246468,NA,NA,
2023-03,Älvkarleby,11.6909626,NA,NA,
2023-03,Östhammar,0.9230064,NA,NA,
2023-03,Gävle,3.93248542,NA,NA,
2023-03,Göteborg,1.78457641,NA,NA,
2023-03,Örebro,1.40636401,NA,NA,
2023-03,Umeå,1.51192947,NA,NA,
2023-03,Kalmar,3.92609037,NA,NA,
2023-03,Jönköping,1.90485193,NA,NA,
2023-03,Västerås,1.35791272,NA,NA,
2023-03,Östersund,2.90401536,NA,NA,
2023-03,Malmö,2.00411635,NA,NA,
2023-04,Uppsala,1.40809801,NA,NA,
2023-04,Stockholm-Käppala,1.18226679,NA,NA,
2023-04,Östhammar,1.01550132,NA,NA,
2023-04,Göteborg,1.62330479,NA,NA,
2023-04,Kalmar,1.78546719,NA,NA,
2023-04,Helsingborg,2.02408859,NA,NA,
2023-04,Gävle,2.28221503,NA,NA,
2023-04,Älvkarleby,3.04619771,NA,NA,
2023-04,Örebro,1.52134777,NA,NA,
2023-04,Umeå,1.40114003,NA,NA,
2023-04,Jönköping,3.76874374,NA,NA,
2023-04,Västerås,1.07247803,NA,NA,
2023-04,Östersund,1.70327262,NA,NA,
2023-04,Malmö,2.73211278,NA,NA,
2023-05,Uppsala,1.22985093,NA,NA,
2023-05,Gävle,1.25357566,NA,NA,
2023-05,Stockholm-Käppala,2.10857006,NA,NA,
2023-05,Östhammar,0.46927932,NA,NA,
2023-05,Kalmar,2.08006874,NA,NA,
2023-05,Östersund,1.07914438,NA,NA,
2023-05,Älvkarleby,3.09860362,NA,NA,
2023-05,Örebro,0.84485524,NA,NA,
2023-05,Umeå,2.1190905,NA,NA,
2023-05,Helsingborg,2.61494849,NA,NA,
2023-05,Västerås,2.03026225,NA,NA,
2023-05,Malmö,2.17226235,NA,NA,
2023-05,Jönköping,1.98780958,NA,NA,
2023-05,Göteborg,1.85158856,NA,NA,
2023-06,Uppsala,4.32043921,NA,NA,
2023-06,Gävle,0.85689335,NA,NA,
2023-06,Östhammar,5.37442351,NA,NA,
2023-06,Malmö,5.86763276,NA,NA,
2023-06,Stockholm-Käppala,2.08650075,NA,NA,
2023-06,Älvkarleby,5.14575839,NA,NA,
2023-06,Örebro,1.87143937,NA,NA,
2023-06,Umeå,3.12273009,NA,NA,
2023-06,Kalmar,3.37901318,NA,NA,
2023-06,Helsingborg,3.99891347,NA,NA,
2023-06,Jönköping,1.78837826,NA,NA,
2023-06,Västerås,2.32890498,NA,NA,
2023-06,Östersund,2.30462494,NA,NA,
2023-06,Göteborg,2.38169399,NA,NA,
2023-07,Uppsala,3.32453396,NA,NA,
2023-07,Gävle,1.07884416,NA,NA,
2023-07,Stockholm-Käppala,2.69443687,NA,NA,
2023-07,Älvkarleby,1.89467363,NA,NA,
2023-07,Östhammar,4.58877981,NA,NA,
2023-07,Malmö,4.13968472,NA,NA,
2023-07,Örebro,1.53506741,NA,NA,
2023-07,Umeå,3.33239048,NA,NA,
2023-07,Kalmar,2.38715181,NA,NA,
2023-07,Helsingborg,3.0796994,NA,NA,
2023-07,Jönköping,2.98283883,NA,NA,
2023-07,Västerås,2.25791263,NA,NA,
2023-07,Östersund,3.06569894,NA,NA,
2023-07,Göteborg,3.25501685,NA,NA,
2023-08,Uppsala,2.32092234,NA,NA,
2023-08,Östersund,1.39035218,NA,NA,
2023-08,Göteborg,2.14188398,NA,NA,
2023-08,Gävle,1.06517018,NA,NA,
2023-08,Stockholm-Käppala,2.74562319,NA,NA,
2023-08,Älvkarleby,3.64909741,NA,NA,
2023-08,Östhammar,0.42689778,NA,NA,
2023-08,Malmö,1.37166876,NA,NA,
2023-08,Örebro,0.73446772,NA,NA,
2023-08,Umeå,3.59350825,NA,NA,
2023-08,Kalmar,1.87963882,NA,NA,
2023-08,Helsingborg,1.51439042,NA,NA,
2023-08,Jönköping,1.23919344,NA,NA,
2023-08,Västerås,1.21777697,NA,NA,
2023-09,Gävle,2.42047331,NA,NA,
2023-09,Göteborg,1.59029008,NA,NA,
2023-09,Helsingborg,2.05649879,NA,NA,
2023-09,Jönköping,1.47969429,NA,NA,
2023-09,Kalmar,1.97124965,NA,NA,
2023-09,Malmö,2.42583008,NA,NA,
2023-09,Stockholm-Käppala,1.61603127,NA,NA,
2023-09,Umeå,1.69454899,NA,NA,
2023-09,Uppsala,3.50997753,NA,NA,
2023-09,Västerås,0.7993717,NA,NA,
2023-09,Älvkarleby,1.08135946,NA,NA,
2023-09,Örebro,0.81660313,NA,NA,
2023-09,Östersund,2.0831957,NA,NA,
2023-09,Östhammar,2.16267338,NA,NA,
2023-10,Uppsala,3.26829732,NA,NA,
2023-10,Gävle,1.4465155,NA,NA,
2023-10,Stockholm-Käppala,2.24479279,NA,NA,
2023-10,Älvkarleby,1.80215445,NA,NA,
2023-10,Östhammar,1.59300119,NA,NA,
2023-10,Malmö,3.5593276,NA,NA,
2023-10,Örebro,1.57408275,NA,NA,
2023-10,Umeå,3.9947523,NA,NA,
2023-10,Kalmar,2.45965953,NA,NA,
2023-10,Helsingborg,3.98603006,NA,NA,
2023-10,Västerås,1.34830484,NA,NA,
2023-10,Östersund,2.06515572,NA,NA,
2023-10,Göteborg,2.39169943,NA,NA,
2023-10,Jönköping,4.85798104,NA,NA,
2023-11,Gävle,5.87927771,NA,NA,
2023-11,Göteborg,1.36121013,NA,NA,
2023-11,Helsingborg,4.09169663,NA,NA,
2023-11,Jönköping,3.2164243,NA,NA,
2023-11,Kalmar,3.0421779,NA,NA,
2023-11,Malmö,4.26999379,NA,NA,
2023-11,Stockholm-Käppala,2.87923337,NA,NA,
2023-11,Umeå,3.85044757,NA,NA,
2023-11,Uppsala,6.97118055,NA,NA,
2023-11,Västerås,2.23296474,NA,NA,
2023-11,Älvkarleby,4.83178238,NA,NA,
2023-11,Örebro,2.90187603,NA,NA,
2023-11,Östersund,3.5470456,NA,NA,
2023-11,Östhammar,1.18998375,NA,NA,
2023-12,Uppsala,4.84594488,NA,NA,
2023-12,Gävle,2.54498984,NA,NA,
2023-12,Stockholm-Käppala,3.4118096,NA,NA,
2023-12,Älvkarleby,5.9704409,NA,NA,
2023-12,Malmö,4.10187177,NA,NA,
2023-12,Örebro,2.14227427,NA,NA,
2023-12,Umeå,3.51673701,NA,NA,
2023-12,Kalmar,7.84298622,NA,NA,
2023-12,Helsingborg,3.97067166,NA,NA,
2023-12,Jönköping,6.90576502,NA,NA,
2023-12,Västerås,5.40385549,NA,NA,
2023-12,Östersund,3.98331088,NA,NA,
2023-12,Göteborg,4.92877618,NA,NA,
2023-12,Östhammar,5.01599147,NA,NA,
2023-13,Gävle,8.11911535,NA,NA,
2023-13,Göteborg,3.81523162,NA,NA,
2023-13,Jönköping,5.24282096,NA,NA,
2023-13,Kalmar,8.10084833,NA,NA,
2023-13,Malmö,2.83277439,NA,NA,
2023-13,Stockholm-Käppala,5.39982029,NA,NA,
2023-13,Umeå,3.036944,NA,NA,
2023-13,Uppsala,3.05011546,NA,NA,
2023-13,Västerås,1.74759139,NA,NA,
2023-13,Älvkarleby,6.27794866,NA,NA,
2023-13,Örebro,2.68015357,NA,NA,
2023-13,Östersund,3.08420254,NA,NA,
2023-13,Östhammar,1.99451343,NA,NA,
2023-14,Uppsala,4.68370599,NA,NA,
2023-14,Gävle,7.71854363,NA,NA,
2023-14,Stockholm-Käppala,5.25806508,NA,NA,
2023-14,Älvkarleby,5.12093776,NA,NA,
2023-14,Östhammar,2.10933293,NA,NA,
2023-14,Malmö,4.73604888,NA,NA,
2023-14,Örebro,3.33990494,NA,NA,
2023-14,Umeå,8.75926198,NA,NA,
2023-14,Kalmar,13.7976982,NA,NA,
2023-14,Helsingborg,3.77525541,NA,NA,
2023-14,Jönköping,8.13341518,NA,NA,
2023-14,Västerås,5.35686736,NA,NA,
2023-14,Östersund,7.92166406,NA,NA,
2023-14,Göteborg,6.15591344,NA,NA,
2023-15,Uppsala,6.62742343,NA,NA,
2023-15,Gävle,8.77512892,NA,NA,
2023-15,Stockholm-Käppala,8.0269534,NA,NA,
2023-15,Östhammar,7.15170136,NA,NA,
2023-15,Malmö,5.63421842,NA,NA,
2023-15,Örebro,7.2705628,NA,NA,
2023-15,Umeå,13.4049357,NA,NA,
2023-15,Kalmar,17.0491239,NA,NA,
2023-15,Jönköping,6.41541559,NA,NA,
2023-15,Västerås,5.17229997,NA,NA,
2023-15,Östersund,7.58338766,NA,NA,
2023-15,Göteborg,11.4297141,NA,NA,
2023-15,Helsingborg,2.81390535,NA,NA,
2023-16,Uppsala,4.32163738,NA,NA,
2023-16,Gävle,6.59990884,NA,NA,
2023-16,Stockholm-Käppala,3.67722582,NA,NA,
2023-16,Östhammar,4.17929748,NA,NA,
2023-16,Malmö,3.45550639,NA,NA,
2023-16,Örebro,3.61858036,NA,NA,
2023-16,Umeå,8.2906288,NA,NA,
2023-16,Kalmar,12.2713602,NA,NA,
2023-16,Helsingborg,2.84215912,NA,NA,
2023-16,Jönköping,4.82322067,NA,NA,
2023-16,Västerås,2.05379742,NA,NA,
2023-16,Östersund,4.76322036,NA,NA,
2023-16,Göteborg,3.49228139,NA,NA,
2023-17,Uppsala,4.52694839,NA,NA,
2023-17,Gävle,10.5342694,NA,NA,
2023-17,Stockholm-Käppala,4.52169854,NA,NA,
2023-17,Östhammar,15.0758369,NA,NA,
2023-17,Malmö,2.45949585,NA,NA,
2023-17,Örebro,1.60492699,NA,NA,
2023-17,Umeå,12.9814229,NA,NA,
2023-17,Kalmar,6.26197785,NA,NA,
2023-17,Jönköping,4.19824303,NA,NA,
2023-17,Västerås,2.73104052,NA,NA,
2023-17,Östersund,7.92514463,NA,NA,
2023-17,Göteborg,3.96299985,NA,NA,
2023-19,Uppsala,3.58095984,NA,NA,
2023-19,Gävle,3.93686012,NA,NA,
2023-19,Stockholm-Käppala,4.76733209,NA,NA,
2023-19,Östhammar,13.1877869,NA,NA,
2023-19,Malmö,2.98686164,NA,NA,
2023-19,Umeå,8.15831568,NA,NA,
2023-19,Kalmar,6.58233359,NA,NA,
2023-19,Helsingborg,3.17138789,NA,NA,
2023-19,Jönköping,3.74275899,NA,NA,
2023-19,Östersund,5.73681339,NA,NA,
2023-19,Göteborg,5.88784318,NA,NA,
2023-19,Örebro,3.50700973,NA,NA,
2023-19,Västerås,5.33491169,NA,NA,
2023-20,Uppsala,4.90437863,NA,NA,
2023-20,Gävle,3.51104682,NA,NA,
2023-20,Stockholm-Käppala,3.28163797,NA,NA,
2023-20,Östhammar,3.89164291,NA,NA,
2023-20,Malmö,2.60028792,NA,NA,
2023-20,Örebro,1.64714804,NA,NA,
2023-20,Umeå,4.51315102,NA,NA,
2023-20,Kalmar,4.08782123,NA,NA,
2023-20,Helsingborg,2.89406322,NA,NA,
2023-20,Jönköping,2.21987587,NA,NA,
2023-20,Västerås,2.52604534,NA,NA,
2023-20,Östersund,5.1032915,NA,NA,
2023-20,Göteborg,1.47977125,NA,NA,
2023-21,Uppsala,3.83716615,NA,NA,
2023-21,Gävle,2.49185244,NA,NA,
2023-21,Stockholm-Käppala,2.92745147,NA,NA,
2023-21,Östhammar,3.60924045,NA,NA,
2023-21,Malmö,3.28592237,NA,NA,
2023-21,Örebro,1.13105147,NA,NA,
2023-21,Umeå,12.3593775,NA,NA,
2023-21,Kalmar,2.77797508,NA,NA,
2023-21,Helsingborg,2.43399632,NA,NA,
2023-21,Jönköping,3.06765723,NA,NA,
2023-21,Västerås,2.6564896,NA,NA,
2023-21,Östersund,3.31540252,NA,NA,
2023-21,Göteborg,2.38476302,NA,NA,
2023-21,Luleå,3.26832225,NA,NA,
2023-21,Karlstad,3.98396591,NA,NA,
2023-22,Uppsala,5.57283477,NA,NA,
2023-22,Gävle,2.21123831,NA,NA,
2023-22,Stockholm-Käppala,3.37303834,NA,NA,
2023-22,Malmö,2.53347487,NA,NA,
2023-22,Örebro,1.47555161,NA,NA,
2023-22,Umeå,3.76868287,NA,NA,
2023-22,Kalmar,6.44473118,NA,NA,
2023-22,Helsingborg,3.73866402,NA,NA,
2023-22,Jönköping,3.29018118,NA,NA,
2023-22,Västerås,2.09199857,NA,NA,
2023-22,Göteborg,3.36073452,NA,NA,
2023-22,Stockholm-Grödinge,5.3139142,NA,NA,
2023-22,Linköping,2.63388051,NA,NA,
2023-22,Luleå,7.78403224,NA,NA,
2023-22,Östersund,14.08935,NA,NA,
2023-22,Östhammar,23.8048803,NA,NA,
2023-23,Stockholm-Käppala,3.18733289,NA,NA,
2023-23,Malmö,3.40453563,NA,NA,
2023-23,Umeå,7.02646684,NA,NA,
2023-23,Kalmar,1.61754653,NA,NA,
2023-23,Helsingborg,1.00007109,NA,NA,
2023-23,Västerås,1.87273886,NA,NA,
2023-23,Göteborg,1.46938071,NA,NA,
2023-23,Linköping,2.47967235,NA,NA,
2023-23,Karlstad,3.62315253,NA,NA,
2023-23,Stockholm-Grödinge,3.58401987,NA,NA,
2023-23,Uppsala,4.8538408,NA,NA,
2023-23,Gävle,5.25409448,NA,NA,
2023-23,Luleå,2.06499244,NA,NA,
2023-24,Gävle,2.95264159,NA,NA,
2023-24,Stockholm-Käppala,2.322978,NA,NA,
2023-24,Östhammar,1.3676307,NA,NA,
2023-24,Malmö,2.16306031,NA,NA,
2023-24,Örebro,1.6113079,NA,NA,
2023-24,Umeå,4.6133614,NA,NA,
2023-24,Kalmar,1.0310353,NA,NA,
2023-24,Helsingborg,2.34712325,NA,NA,
2023-24,Jönköping,4.53766379,NA,NA,
2023-24,Västerås,1.46572249,NA,NA,
2023-24,Östersund,11.8484807,NA,NA,
2023-24,Göteborg,1.77907892,NA,NA,
2023-24,Stockholm-Grödinge,2.55745195,NA,NA,
2023-24,Linköping,3.26298006,NA,NA,
2023-24,Karlstad,1.68121112,NA,NA,
2023-24,Luleå,5.03212799,NA,NA,
2023-24,Uppsala,4.16923704,NA,NA,
2023-25,Uppsala,2.7004105,NA,NA,
2023-25,Gävle,3.29930897,NA,NA,
2023-25,Stockholm-Käppala,2.11224682,NA,NA,
2023-25,Östhammar,0.67442768,NA,NA,
2023-25,Malmö,3.3316419,NA,NA,
2023-25,Örebro,2.41442797,NA,NA,
2023-25,Umeå,6.89147846,NA,NA,
2023-25,Linköping,3.98530709,NA,NA,
2023-25,Karlstad,3.62591658,NA,NA,
2023-25,Luleå,7.05217891,NA,NA,
2023-25,Stockholm-Bromma,3.44953176,NA,NA,
2023-25,Stockholm-Grödinge,0.91388967,NA,NA,
2023-25,Göteborg,2.0027457,NA,NA,
2023-26,Malmö,3.35947171,NA,NA,
2023-26,Umeå,10.9358916,NA,NA,
2023-26,Helsingborg,3.04526065,NA,NA,
2023-26,Jönköping,2.86012389,NA,NA,
2023-26,Göteborg,3.19292578,NA,NA,
2023-26,Karlstad,2.7081476,NA,NA,
2023-27,Uppsala,2.29717436,NA,NA,
2023-27,Gävle,4.41269229,NA,NA,
2023-27,Stockholm-Käppala,2.37013858,NA,NA,
2023-27,Östhammar,0.63376038,NA,NA,
2023-27,Malmö,2.02132533,NA,NA,
2023-27,Örebro,1.53808876,NA,NA,
2023-27,Umeå,1.79775195,NA,NA,
2023-27,Kalmar,2.02201016,NA,NA,
2023-27,Helsingborg,0.81002284,NA,NA,
2023-27,Jönköping,3.54662994,NA,NA,
2023-27,Västerås,0.95847407,NA,NA,
2023-27,Östersund,1.78498943,NA,NA,
2023-27,Göteborg,1.80166793,NA,NA,
2023-27,Stockholm-Grödinge,0.57386134,NA,NA,
2023-27,Linköping,1.26414917,NA,NA,
2023-27,Karlstad,1.10829316,NA,NA,
2023-27,Luleå,0.27037294,NA,NA,
2023-27,Stockholm-Henriksdal,2.17016692,NA,NA,
2023-27,Stockholm-Bromma,3.88957869,NA,NA,
2023-28,Uppsala,2.53207533,NA,NA,
2023-28,Gävle,0.69872765,NA,NA,
2023-28,Stockholm-Käppala,2.3094716,NA,NA,
2023-28,Östhammar,2.88326781,NA,NA,
2023-28,Malmö,1.52631324,NA,NA,
2023-28,Örebro,1.04404205,NA,NA,
2023-28,Umeå,2.18352105,NA,NA,
2023-28,Kalmar,1.07315287,NA,NA,
2023-28,Helsingborg,3.06361994,NA,NA,
2023-28,Jönköping,1.40070927,NA,NA,
2023-28,Västerås,0.92258044,NA,NA,
2023-28,Östersund,2.38620511,NA,NA,
2023-28,Göteborg,1.3176885,NA,NA,
2023-28,Stockholm-Grödinge,1.78357538,NA,NA,
2023-28,Linköping,3.94661403,NA,NA,
2023-28,Karlstad,0.93143474,NA,NA,
2023-28,Luleå,1.46433189,NA,NA,
2023-28,Stockholm-Henriksdal,1.85593265,NA,NA,
2023-28,Stockholm-Bromma,1.54143424,NA,NA,
2023-29,Uppsala,5.47368619,NA,NA,
2023-29,Gävle,0.75279974,NA,NA,
2023-29,Stockholm-Käppala,3.10652248,NA,NA,
2023-29,Östhammar,7.20286801,NA,NA,
2023-29,Malmö,1.84947484,NA,NA,
2023-29,Örebro,1.58265215,NA,NA,
2023-29,Umeå,4.01574736,NA,NA,
2023-29,Kalmar,2.97973152,NA,NA,
2023-29,Helsingborg,8.63990646,NA,NA,
2023-29,Jönköping,5.31402894,NA,NA,
2023-29,Västerås,1.44890188,NA,NA,
2023-29,Östersund,6.74423986,NA,NA,
2023-29,Göteborg,2.35231643,NA,NA,
2023-29,Stockholm-Grödinge,4.49801327,NA,NA,
2023-29,Linköping,5.22566884,NA,NA,
2023-29,Karlstad,3.86906022,NA,NA,
2023-29,Luleå,3.79332282,NA,NA,
2023-29,Stockholm-Henriksdal,1.74457627,NA,NA,
2023-29,Stockholm-Bromma,2.69171769,NA,NA,
2023-30,Uppsala,5.4456814,NA,NA,
2023-30,Gävle,3.54824284,NA,NA,
2023-30,Stockholm-Käppala,3.67791345,NA,NA,
2023-30,Östhammar,47.1526845,NA,NA,
2023-30,Malmö,3.95296432,NA,NA,
2023-30,Örebro,1.22770201,NA,NA,
2023-30,Umeå,1.73229086,NA,NA,
2023-30,Kalmar,2.1978237,NA,NA,
2023-30,Helsingborg,3.45158496,NA,NA,
2023-30,Västerås,2.29481856,NA,NA,
2023-30,Östersund,1.79130892,NA,NA,
2023-30,Göteborg,1.85928322,NA,NA,
2023-30,Stockholm-Grödinge,2.48447152,NA,NA,
2023-30,Linköping,2.58023767,NA,NA,
2023-30,Karlstad,5.03523445,NA,NA,
2023-30,Luleå,3.18532118,NA,NA,
2023-30,Stockholm-Henriksdal,2.13307586,NA,NA,
2023-30,Stockholm-Bromma,1.59098298,NA,NA,
2023-31,Uppsala,6.99707221,NA,NA,
2023-31,Gävle,5.2827077,NA,NA,
2023-31,Stockholm-Käppala,5.45993863,NA,NA,
2023-31,Östhammar,5.59457485,NA,NA,
2023-31,Malmö,5.39999178,NA,NA,
2023-31,Örebro,4.71665423,NA,NA,
2023-31,Umeå,4.24630563,NA,NA,
2023-31,Kalmar,9.09504062,NA,NA,
2023-31,Helsingborg,4.90953238,NA,NA,
2023-31,Jönköping,16.6453154,NA,NA,
2023-31,Västerås,3.42610269,NA,NA,
2023-31,Stockholm-Grödinge,3.66854056,NA,NA,
2023-31,Linköping,3.00127796,NA,NA,
2023-31,Karlstad,6.04994409,NA,NA,
2023-31,Luleå,7.00783756,NA,NA,
2023-31,Stockholm-Henriksdal,3.47069061,NA,NA,
2023-31,Stockholm-Bromma,4.85682584,NA,NA,
2023-31,Göteborg,3.36645056,NA,NA,
2023-32,Uppsala,4.64234923,NA,NA,
2023-32,Gävle,7.32386593,NA,NA,
2023-32,Stockholm-Käppala,3.5098442,NA,NA,
2023-32,Östhammar,9.40433932,NA,NA,
2023-32,Malmö,9.59994806,NA,NA,
2023-32,Örebro,6.57317306,NA,NA,
2023-32,Umeå,3.87149294,NA,NA,
2023-32,Kalmar,2.18519268,NA,NA,
2023-32,Helsingborg,5.86440326,NA,NA,
2023-32,Jönköping,5.79969487,NA,NA,
2023-32,Västerås,4.64284261,NA,NA,
2023-32,Östersund,2.50334879,NA,NA,
2023-32,Göteborg,4.9523399,NA,NA,
2023-32,Stockholm-Grödinge,7.1178288,NA,NA,
2023-32,Linköping,3.15134475,NA,NA,
2023-32,Karlstad,5.21808521,NA,NA,
2023-32,Luleå,3.25275911,NA,NA,
2023-32,Stockholm-Henriksdal,2.91221436,NA,NA,
2023-32,Stockholm-Bromma,2.43373374,NA,NA,
2023-33,Uppsala,6.20078831,NA,NA,
2023-33,Umeå,2.79498571,NA,NA,
2023-33,Stockholm-Bromma,3.78196981,NA,NA,
2023-33,Linköping,3.4171665,NA,NA,
2023-33,Jönköping,5.85861726,NA,NA,
2023-33,Stockholm-Henriksdal,1.7696822,NA,NA,
2023-33,Stockholm-Käppala,2.87889678,NA,NA,
2023-33,Stockholm-Grödinge,2.69160888,NA,NA,
2023-33,Östersund,13.0094606,NA,NA,
2023-34,Uppsala,4.63596968,NA,NA,
2023-34,Gävle,8.72459405,NA,NA,
2023-34,Stockholm-Käppala,13.9766808,NA,NA,
2023-34,Östhammar,10.187051,NA,NA,
2023-34,Malmö,5.5344648,NA,NA,
2023-34,Örebro,6.74283474,NA,NA,
2023-34,Umeå,3.00285617,NA,NA,
2023-34,Kalmar,12.0003011,NA,NA,
2023-34,Helsingborg,13.6047358,NA,NA,
2023-34,Jönköping,10.112157,NA,NA,
2023-34,Västerås,5.11692054,NA,NA,
2023-34,Östersund,17.9099299,NA,NA,
2023-34,Göteborg,4.49776971,NA,NA,
2023-34,Stockholm-Grödinge,7.63216777,NA,NA,
2023-34,Linköping,4.49375411,NA,NA,
2023-34,Karlstad,4.05875164,NA,NA,
2023-34,Luleå,2.16611567,NA,NA,
2023-34,Stockholm-Henriksdal,2.81824204,NA,NA,
2023-34,Stockholm-Bromma,8.51325668,NA,NA,
2023-35,Uppsala,10.8812086,NA,NA,
2023-35,Stockholm-Käppala,8.43198369,NA,NA,
2023-35,Östhammar,28.3387463,NA,NA,
2023-35,Malmö,9.06835626,NA,NA,
2023-35,Örebro,12.3096777,NA,NA,
2023-35,Umeå,2.48817321,NA,NA,
2023-35,Kalmar,4.31279107,NA,NA,
2023-35,Helsingborg,10.4760916,NA,NA,
2023-35,Jönköping,9.17367455,NA,NA,
2023-35,Västerås,4.69582728,NA,NA,
2023-35,Östersund,15.5925195,NA,NA,
2023-35,Göteborg,6.1222816,NA,NA,
2023-35,Stockholm-Grödinge,5.48081505,NA,NA,
2023-35,Linköping,7.46006773,NA,NA,
2023-35,Karlstad,5.14629261,NA,NA,
2023-35,Luleå,1.54025121,NA,NA,
2023-35,Stockholm-Henriksdal,3.92976347,NA,NA,
2023-35,Stockholm-Bromma,5.15714634,NA,NA,
2023-36,Uppsala,9.530676559,NA,0,
2023-36,Gävle,7.897046628,0,0,
2023-36,Stockholm-Käppala,7.850591637,0,NA,
2023-36,Östhammar,8.987400952,0,0,
2023-36,Malmö,4.80989411,NA,0,
2023-36,Örebro,2.603084116,0,0,
2023-36,Umeå,4.194786396,NA,0,
2023-36,Kalmar,4.839362779,NA,0,
2023-36,Helsingborg,7.238348167,0,0,
2023-36,Jönköping,5.85999951,NA,0,
2023-36,Västerås,4.729806685,0,0,
2023-36,Östersund,,NA,0,
2023-36,Göteborg,3.72081778,NA,0,
2023-36,Stockholm-Grödinge,4.06128604,0,0,
2023-36,Linköping,6.272421158,0,0,
2023-36,Karlstad,8.920820132,NA,0,
2023-36,Luleå,5.59411675,0,0,
2023-36,Stockholm-Henriksdal,3.234516875,NA,NA,
2023-36,Stockholm-Bromma,5.561793315,0,0,
2023-37,Uppsala,4.737408364,NA,NA,
2023-37,Gävle,6.88490848,NA,NA,
2023-37,Stockholm-Käppala,2.711401224,NA,NA,
2023-37,Östhammar,6.543657648,NA,NA,
2023-37,Malmö,2.143134318,0.039264,NA,
2023-37,Örebro,1.452242019,NA,NA,
2023-37,Umeå,3.79661193,NA,NA,
2023-37,Kalmar,4.057877433,NA,NA,
2023-37,Helsingborg,5.196636165,NA,NA,
2023-37,Jönköping,3.909450531,NA,NA,
2023-37,Västerås,4.233751379,NA,NA,
2023-37,Östersund,7.203955904,NA,NA,
2023-37,Göteborg,2.973623916,NA,NA,
2023-37,Stockholm-Grödinge,3.212441067,NA,NA,
2023-37,Linköping,3.932929889,NA,NA,
2023-37,Karlstad,7.110476559,NA,NA,
2023-37,Luleå,5.189565876,NA,NA,
2023-37,Stockholm-Henriksdal,4.168503505,NA,NA,
2023-37,Stockholm-Bromma,2.381481365,NA,NA,
2023-38,Uppsala,4.085071477,NA,NA,
2023-38,Gävle,4.160942117,NA,NA,
2023-38,Stockholm-Käppala,3.147641344,NA,NA,
2023-38,Malmö,3.248774483,0.084437,NA,
2023-38,Örebro,3.322098586,NA,NA,
2023-38,Umeå,2.754076764,NA,NA,
2023-38,Kalmar,2.637366133,0.071534,NA,
2023-38,Helsingborg,3.320422254,NA,NA,
2023-38,Jönköping,5.80086017,NA,NA,
2023-38,Västerås,2.492700062,NA,NA,
2023-38,Göteborg,2.547006181,0.086175,NA,
2023-38,Stockholm-Grödinge,2.468573429,NA,NA,
2023-38,Linköping,2.91857635,NA,NA,
2023-38,Karlstad,2.578795754,NA,NA,
2023-38,Luleå,2.523315599,NA,NA,
2023-38,Stockholm-Bromma,1.845066944,NA,NA,
2023-39,Uppsala,3.10355401,NA,0,
2023-39,Gävle,4.299946295,0,0,
2023-39,Stockholm-Käppala,2.40031591,0,NA,
2023-39,Östhammar,6.713633393,0,0,
2023-39,Malmö,1.502188915,NA,0,
2023-39,Örebro,2.718121411,0,0,
2023-39,Umeå,3.089205439,NA,0,
2023-39,Kalmar,2.759305975,NA,0,
2023-39,Helsingborg,3.066077105,0.003137,0,
2023-39,Jönköping,3.632249384,NA,0,
2023-39,Östersund,4.69447847,0.035177,0,
2023-39,Göteborg,2.718574467,NA,0,
2023-39,Stockholm-Grödinge,2.119823273,0,0,
2023-39,Linköping,1.93197251,0,0,
2023-39,Karlstad,2.530390172,NA,0,
2023-39,Luleå,NA,0,0,
2023-39,Stockholm-Henriksdal,1.968343449,NA,NA,
2023-39,Stockholm-Bromma,3.431544827,0,0,
2023-40,Uppsala,2.349900444,0,0,
2023-40,Gävle,5.053403759,0,0,
2023-40,Stockholm-Käppala,3.368015872,0.013136,0.203623,
2023-40,Östhammar,17.16850932,0,0,
2023-40,Malmö,1.738926448,0.164578,0,
2023-40,Örebro,2.302185835,0,0,
2023-40,Umeå,3.866931427,0,0,
2023-40,Kalmar,1.589652632,0.051566,0,
2023-40,Jönköping,1.926462157,0,0,
2023-40,Västerås,0.358074177,0,0,
2023-40,Östersund,3.59433018,0.14753,0,
2023-40,Göteborg,1.555606476,0.041804,0,
2023-40,Stockholm-Grödinge,1.807904867,0.038635,0,
2023-40,Linköping,2.845579859,0.090105,0,
2023-40,Karlstad,4.485266371,0,0,
2023-40,Luleå,2.816367159,0,0,
2023-40,Stockholm-Henriksdal,1.869301349,0.029529,0,
2023-40,Stockholm-Bromma,1.74216233,0,0,
2023-41,Uppsala,2.993517429,0.009503,0,
2023-41,Gävle,3.951330549,0,0.136244,
2023-41,Stockholm-Käppala,3.102317067,0.02137,0,
2023-41,Östhammar,7.633009797,0,0,
2023-41,Malmö,2.606674481,0.007375,0,
2023-41,Umeå,4.276730909,0.018482,0,
2023-41,Helsingborg,2.524747267,0.007642,0,
2023-41,Jönköping,10.15179629,0.127184,0.256588,
2023-41,Västerås,2.245778505,0.008418,0,
2023-41,Göteborg,2.251828761,0.020286,0.060569,
2023-41,Stockholm-Grödinge,2.696681746,0.015758,0,
2023-41,Karlstad,3.413738182,0,0,
2023-41,Luleå,2.974127476,0,0,
2023-41,Stockholm-Henriksdal,2.879642705,0.009647,0,
2023-41,Kalmar,7.871318596,0,0,
2023-41,Linköping,13.12029218,0,0,
2023-41,Örebro,5.763496768,0,0,
2023-41,Östersund,16.43693952,0.122769,0,
2023-41,Stockholm-Bromma,3.215430526,0.113339,0,
2023-42,Gävle,3.323530626,0,0,
2023-42,Göteborg,4.312074066,0,0,
2023-42,Jönköping,6.276472468,0,0,
2023-42,Kalmar,4.813934294,0.088632,0.088632,
2023-42,Karlstad,8.127201549,0.087772,0.087772,
2023-42,Linköping,NA,0,0,
2023-42,Luleå,4.529253279,0,0,
2023-42,Malmö,3.059247905,0.044561,0.044561,
2023-42,Östhammar,2.168336174,0,0,
2023-42,Örebro,5.895423286,0,0,
2023-42,Östersund,25.0964612,0.819482,0.819482,
2023-42,Stockholm-Bromma,2.889810381,0,0,
2023-42,Stockholm-Grödinge,7.766071369,0,0,
2023-42,Stockholm-Henriksdal,5.895246454,0,0,
2023-42,Stockholm-Käppala,3.581952225,0.076941,0.076941,
2023-42,Umeå,7.707441346,0,0,
2023-42,Uppsala,4.089026275,0.007919,0.007919,
2023-42,Västerås,8.785128454,0,0,
2023-43,Gävle,12.9725329,0,0,
2023-43,Göteborg,8.31756052,0,0,
2023-43,Helsingborg,11.5909751,0,0,
2023-43,Jönköping,4.15446802,0,0,
2023-43,Kalmar,7.13039178,0.160068,0,
2023-43,Karlstad,9.42460759,0,0,
2023-43,Linköping,13.0444964,0.03111685,0,
2023-43,Luleå,7.44375115,0,0,
2023-43,Malmö,4.45235875,0.04791055,0,
2023-43,Örebro,5.72083062,0,0,
2023-43,Östhammar,9.2951831,0,0,
2023-43,Östersund,26.9093863,0.44834646,0,
2023-43,Stockholm-Bromma,20.9949043,0,0,
2023-43,Stockholm-Grödinge,4.40609615,0,0,
2023-43,Stockholm-Henriksdal,4.10112336,0.03158795,0,
2023-43,Umeå,18.6778965,0.12174303,0,
2023-43,Uppsala,7.57932592,0.03493832,0,
2023-43,Västerås,5.51800036,0,0,
2023-43,Stockholm-Käppala,5.618215112,0.014206056,0.01881064,
2023-44,Stockholm-Bromma,18.73700567,0.320685652,0,
2023-44,Göteborg,11.87694239,0,0,
2023-44,Stockholm-Grödinge,9.973869465,0.100269955,0.188145704,
2023-44,Helsingborg,9.925874705,0.097161076,0.038217179,
2023-44,Stockholm-Henriksdal,7.597488122,0.082750137,0,
2023-44,Kalmar,10.56663334,0.235218487,0,
2023-44,Stockholm-Käppala,12.75380132,0.148447467,0.920464557,
2023-44,Karlstad,35.560961,0.119022591,0,
2023-44,Linköping,57.666027,0.970226117,0.072406783,
2023-44,Luleå,12.515114,0.265235136,0.046126074,
2023-44,Umeå,18.62448028,0.067654965,0,
2023-44,Uppsala,12.25909412,0.11623206,0.037348876,
2023-44,Västerås,5.553082423,0.237547357,0,
2023-44,Örebro,11.71802366,0.065294361,0,
2023-44,Östhammar,111.8788643,0,0,
2023-44,Gävle,15.55197486,0.080812879,0.03721346,
2023-44,Jönköping,6.608646071,0.032039538,0,
2023-44,Malmö,NA,NA,0,
2023-44,Östersund,50.37323425,0.437246721,0,
2023-45,Stockholm-Bromma,31.21408887,1.412417,0,
2023-45,Göteborg,9.904945166,0.02753,0,
2023-45,Stockholm-Grödinge,9.390078317,0.20396,0,
2023-45,Stockholm-Henriksdal,11.66796051,0.12299,0,
2023-45,Jönköping,25.66041074,0.098134,0,
2023-45,Kalmar,40.87675398,0.108775,0,
2023-45,Stockholm-Käppala,33.61575672,0.969501,0,
2023-45,Karlstad,20.11454573,0.143703,0,
2023-45,Linköping,64.03535,0.6816677,0,
2023-45,Luleå,41.066549,0.1556961,0,
2023-45,Gävle,107.23702,2.3354123,0,
2023-45,Malmö,13.06771787,0.121077,0,
2023-45,Umeå,26.19612487,0.019119,0,
2023-45,Uppsala,17.92697069,0.139723,1.882454,
2023-45,Västerås,35.67622119,0,0,
2023-45,Örebro,37.86015344,0,0,
2023-45,Östersund,120.3604061,1.859442,0,
2023-45,Östhammar,291.1787376,0,0,
2023-45,Helsingborg,3.056671048,0.038378,0,
2023-46,Stockholm-Bromma,18.33893855,0.41986,0,
2023-46,Stockholm-Grödinge,24.63705268,1.017258,0,
2023-46,Helsingborg,27.94036407,0.340195,0,
2023-46,Stockholm-Henriksdal,14.22829877,0.119899,0.020788,
2023-46,Jönköping,16.4231403,0.172633,0,
2023-46,Kalmar,26.75204146,0.059584,0,
2023-46,Stockholm-Käppala,35.37886168,0.39839,0.821141,
2023-46,Karlstad,11.04297684,0.077913,0,
2023-46,Linköping,18.98080054,0.162792,0,
2023-46,Luleå,17.27935677,0.071899,0,
2023-46,Malmö,7.883894228,0.051809,0,
2023-46,Umeå,25.7717064,0.085569,0,
2023-46,Uppsala,9.492485009,0.0907,0.178303,
2023-46,Västerås,9.341884297,0.207026,0,
2023-46,Örebro,13.16269521,0.070238,0,
2023-46,Östersund,31.74805533,0.230548,0.008969,
2023-46,Östhammar,17.02168101,0,0,
2023-46,Gävle,21.06727165,0.495399,0.005315,
2023-46,Göteborg,8.815434971,0.112968,0,
2023-47,Stockholm-Bromma,7.833489545,0.119059,0,
2023-47,Gävle,14.59615721,0.382191,0,
2023-47,Göteborg,11.31348634,0.067323,0,
2023-47,Stockholm-Grödinge,8.485628543,0.152355,0,
2023-47,Helsingborg,10.12104162,0.25059,0,
2023-47,Stockholm-Henriksdal,9.388975174,0.048843,0.030227,
2023-47,Kalmar,17.00581212,0.023345,0,
2023-47,Stockholm-Käppala,9.094821825,0.058673,0.407876,
2023-47,Karlstad,8.01734965,0.070029,0.024284,
2023-47,Linköping,11.18193735,0.101843,0,
2023-47,Luleå,12.46862118,0.066288,0,
2023-47,Malmö,10.13076157,0.152198,0,
2023-47,Umeå,10.88842411,0.022188,0,
2023-47,Uppsala,10.47503479,0.082874,0.090533,
2023-47,Västerås,7.374947485,0.135022,0,
2023-47,Örebro,11.20070431,0,0,
2023-47,Östersund,20.09395512,0.112461,0,
2023-47,Östhammar,19.84624551,0,0,
2023-47,Jönköping,10.00454426,0.043703,0.206091,
2023-48,Stockholm-Bromma,6.091709087,0.125154,0,
2023-48,Gävle,11.94166767,0.507211,0,
2023-48,Göteborg,9.779032953,0.050895,0.007158,
2023-48,Stockholm-Grödinge,8.089180061,0.105725,0,
2023-48,Helsingborg,9.928182039,0.078425,0,
2023-48,Stockholm-Henriksdal,10.5530742,0.082316,0,
2023-48,Jönköping,7.021550699,0.040967,0,
2023-48,Kalmar,12.32629711,0.045745,0,
2023-48,Stockholm-Käppala,10.03085231,0.085538,0.105455,
2023-48,Karlstad,7.460015353,0.132846,0.290042,
2023-48,Linköping,12.11323465,0.214182,0,
2023-48,Luleå,9.931173958,0.128909,0,
2023-48,Malmö,11.7395547,0.121949,0,
2023-48,Umeå,7.6112401,0.166229,0,
2023-48,Uppsala,10.09824575,0.089921,0.029786,
2023-48,Västerås,5.643167429,0.12108,0,
2023-48,Örebro,9.927088909,0.073337,0,
2023-48,Östersund,23.91750565,0.165864,0,
2023-48,Östhammar,20.64014013,1.090365,0,
2023-49,Stockholm-Bromma,9.543177751,0.148756,0.029634,
2023-49,Gävle,11.61399736,0.373898,0,
2023-49,Göteborg,14.38576998,0.151971,0.06265,
2023-49,Stockholm-Grödinge,11.76383397,0.190764,0,
2023-49,Helsingborg,17.45332756,0.104741,0,
2023-49,Stockholm-Henriksdal,12.9015219,0.120352,0,
2023-49,Stockholm-Käppala,15.22780875,0.114313,0.088202,
2023-49,Karlstad,13.01749729,0.317856,0.494932,
2023-49,Linköping,16.12392012,0.300354,0.178884,
2023-49,Luleå,10.70887927,0.140507,0,
2023-49,Malmö,15.82063247,0.102769,0.078873,
2023-49,Uppsala,10.53216333,0.118793,0,
2023-49,Västerås,9.089816891,0.217254,0,
2023-49,Örebro,9.183928321,0.075938,0,
2023-49,Östhammar,20.76996931,0.687708,0,
2023-49,Jönköping,12.35318377,0.137882,0.21502,
2023-49,Östersund,19.03782207,0.152841,0,
2023-49,Kalmar,19.83545886,0.104575,0,
2023-49,Umeå,10.02707414,0.067307,0.238382,
2023-50,Stockholm-Bromma,9.242870621,0.142247,0.206102,
2023-50,Gävle,10.84993782,0.577706,0,
2023-50,Göteborg,11.50874356,0.260354,0,
2023-50,Stockholm-Grödinge,11.00016773,0.261879,0.068533,
2023-50,Helsingborg,12.73998838,0.17211,0,
2023-50,Stockholm-Henriksdal,11.52631583,0.272619,0.383262,
2023-50,Jönköping,12.07516428,0.126528,0.110339,
2023-50,Kalmar,12.93850547,0.250347,0,
2023-50,Stockholm-Käppala,25.96839372,0.478626,0.621009,
2023-50,Karlstad,16.16273521,0.486614,1.787683,
2023-50,Linköping,20.44297506,0.559888,0.166444,
2023-50,Luleå,15.61600854,0.369262,0,
2023-50,Malmö,16.61962495,0.235118,0,
2023-50,Umeå,3.846584088,0.056733,0.09041,
2023-50,Uppsala,8.811652949,0.262116,0.02148,
2023-50,Västerås,3.543462103,0.166678,0,
2023-50,Örebro,6.843482275,0.108121,0,
2023-50,Östersund,11.36041712,0.241722,0,
2023-50,Östhammar,10.86794617,0.590015,0,
2023-51,Stockholm-Bromma,23.58199446,0.663325,0.624691,
2023-51,Göteborg,27.24663058,1.049642,0,
2023-51,Stockholm-Grödinge,31.4583844,1.346999,0,
2023-51,Helsingborg,30.38406168,0.61326,0,
2023-51,Stockholm-Henriksdal,29.83974716,0.97462,1.279224,
2023-51,Stockholm-Käppala,57.14497961,1.899609,1.545486,
2023-51,Karlstad,44.38312866,2.288443,3.544863,
2023-51,Linköping,19.30703574,0.749968,1.045332,
2023-51,Luleå,8.8302677,0.234133,0.007676,
2023-51,Malmö,16.73755882,0.332373,0.066602,
2023-51,Umeå,7.864506635,0.164827,0.427434,
2023-51,Uppsala,19.75569703,0.636572,0.280037,
2023-51,Örebro,13.49665184,0.391103,0.104098,
2023-51,Östersund,22.69295994,0.710548,0.035731,
2023-51,Östhammar,66.75761992,3.027608,0,
2023-51,Jönköping,12.39152425,0.208787,0.208286,
2023-52,Jönköping,20.75610275,0.538266,1.976031,
2023-52,Uppsala,13.61229769,0.777885,0.29019,
2023-52,Stockholm-Bromma,14.57872125,0.785176,2.965577,
2023-52,Stockholm-Henriksdal,15.06156611,0.709968,0,
2023-52,Kalmar,9.166838714,0.301522,0,
2023-52,Stockholm-Käppala,15.42054789,0.597192,0.810006,
2023-52,Karlstad,8.064110628,0.565829,1.94176,
2023-52,Linköping,17.96659208,0.781378,0.353228,
2023-52,Luleå,9.366284763,0.24924,0.657296,
2023-52,Malmö,29.09812246,1.021583,3.278728,
2023-52,Umeå,10.23793058,0.37873,0.545804,
2023-52,Östhammar,32.93453994,3.039894,0,
2023-52,Göteborg,18.70187875,0.6058,0.889525,
2023-52,Stockholm-Grödinge,17.01480179,0.5424,6.47951,
2023-52,Västerås,7.757592286,0.335357,0.13221,
2023-52,Östersund,23.25752136,0.68161,0,
2023-52,Gävle,14.75940492,0.793818,0,
2023-52,Helsingborg,6.035635688,0,0,
2023-52,Örebro,8.428957106,0.34936,0.148783,
2024-01,Stockholm-Bromma,9.476656671,0.692675,0,
2024-01,Gävle,12.12202844,0.833364,0,
2024-01,Göteborg,15.09212554,0.944389,0,
2024-01,Kalmar,5.860720566,0.141267,0,
2024-01,Karlstad,7.495722879,0.306073,1.09598,
2024-01,Stockholm-Käppala,8.750711515,0.403453,1.234195,
2024-01,Linköping,10.45978115,0.466337,1.391002,
2024-01,Luleå,7.226384056,0.296792,0.591321,
2024-01,Malmö,15.14614858,0.489976,0.167884,
2024-01,Umeå,4.415668552,0.233575,0.649441,
2024-01,Örebro,4.479855872,0.195102,0,
2024-01,Östersund,12.11092591,0.736949,0.25942,
2024-01,Östhammar,23.95375692,1.919919,0,
2024-01,Uppsala,11.73993574,0.487352,0.451973,
2024-01,Stockholm-Grödinge,9.095851233,0.461515,0.304937,
2024-01,Helsingborg,7.724497854,0.467675,0.207262,
2024-01,Jönköping,6.772480263,0.227662,0.618705,
2024-02,Stockholm-Bromma,3.756117342,0.297706,0,
2024-02,Göteborg,5.07924798,0.458344,0.231882,
2024-02,Stockholm-Grödinge,3.462410398,0.299707,0.047868,
2024-02,Helsingborg,3.652711485,0.219251,0.410626,
2024-02,Stockholm-Henriksdal,3.039661457,0.26098,0.455178,
2024-02,Jönköping,3.972477533,0.306295,0.91742,
2024-02,Kalmar,4.158458636,0.183144,0,
2024-02,Stockholm-Käppala,3.663507659,0.238387,0.417072,
2024-02,Karlstad,3.922815127,0.248335,0.843122,
2024-02,Linköping,5.740687969,0.208884,0.116304,
2024-02,Luleå,4.023286712,0.308743,0.700277,
2024-02,Malmö,2.27884016,0.248774,0.26083,
2024-02,Umeå,1.884980552,0.214338,0.357038,
2024-02,Uppsala,4.350504955,0.253991,0.435675,
2024-02,Örebro,4.56730121,0.413077,0.399713,
2024-02,Östersund,5.792744427,0.31389,0,
2024-02,Östhammar,8.491893648,0.565497,0,
2024-02,Västerås,3.272885459,0.222241,0.227816,
2024-03,Gävle,5.785692832,0.742282,1.475278,
2024-03,Göteborg,3.896154478,0.319256,0.549898,
2024-03,Stockholm-Grödinge,5.628534654,0.401019,0.081304,
2024-03,Helsingborg,4.271420173,0.34205,0.83997,
2024-03,Kalmar,2.161530624,0.078292,0,
2024-03,Stockholm-Käppala,4.108723512,0.357115,0.443767,
2024-03,Karlstad,3.043078663,0.254377,0.354246,
2024-03,Linköping,6.655300214,0.227767,0.131733,
2024-03,Luleå,4.756938449,0.24827,1.094455,
2024-03,Malmö,1.420589574,0.120996,0.266123,
2024-03,Umeå,2.270710738,0.212679,0.070633,
2024-03,Västerås,3.75735226,0.332341,0.250152,
2024-03,Örebro,1.833508613,0.112243,0.136323,
2024-03,Stockholm-Bromma,6.867661562,0.583644,0.240648,
2024-03,Stockholm-Henriksdal,2.080970165,0.166608,0.197528,
2024-03,Uppsala,3.931658,0.175888,0.449692,
2024-03,Östersund,6.050889179,0.302448,0,
2024-03,Östhammar,5.248975857,0.584664,0,
2024-03,Jönköping,3.492820067,0.136934,0.32914,
2024-04,Gävle,5.168044821,0.784783,2.770226,
2024-04,Stockholm-Käppala,2.404263814,0.264955,0.482577,
2024-04,Luleå,3.837990813,0.38667,1.891749,
2024-04,Malmö,2.210186006,0.232338,0.344002,
2024-04,Örebro,2.192769018,0.214109,0.485246,
2024-04,Umeå,1.151121958,0.219078,0.285397,
2024-04,Göteborg,4.897154902,1.161647,0.730091,
2024-04,Stockholm-Grödinge,3.397300275,0.472033,0,
2024-04,Jönköping,2.756111388,0.376723,0.733391,
2024-04,Kalmar,4.774360042,0.24305,0,
2024-04,Karlstad,1.599013459,0.200191,0.074971,
2024-04,Östersund,2.723032553,0.454465,0,
2024-04,Östhammar,5.222817991,0.700844,0,
2024-04,Stockholm-Bromma,2.536158678,0.445156,0.020732,
2024-04,Helsingborg,4.815585429,1.513052,0,
2024-04,Linköping,5.176553909,0.541562,0,
2024-04,Uppsala,2.402310869,0.194368,0.083721,
2024-04,Västerås,2.811238101,0.692797,0.138777,
2024-05,Stockholm-Bromma,2.750394784,0.817248,0,
2024-05,Gävle,4.165298462,0.748803,2.190458,
2024-05,Göteborg,3.231707249,0.521059,0,
2024-05,Jönköping,3.119732359,0.214316,0.613958,
2024-05,Kalmar,2.0922848,0.193502,0,
2024-05,Karlstad,2.019622722,0.236999,0,
2024-05,Luleå,2.696392102,0.318997,0.978561,
2024-05,Malmö,2.109720543,0.216285,0.392512,
2024-05,Umeå,0.96401986,0.170028,0.058839,
2024-05,Uppsala,3.732185738,0.362164,1.189299,
2024-05,Västerås,3.510660166,0.483204,0,
2024-05,Örebro,3.631695373,0.651062,0,
2024-05,Östersund,2.023754491,0.321871,0,
2024-05,Helsingborg,3.340266932,0.427013,0,
2024-05,Östhammar,5.664597932,3.220412,0,
2024-05,Linköping,5.452983303,0.747674,0,
2024-05,Stockholm-Käppala,3.957913926,0.427015,1.003482,
2024-05,Stockholm-Grödinge,4.251460746,0.600815,0,
2024-05,Stockholm-Henriksdal,2.090394495,0.480005,0.479283,
2024-06,Gävle,3.94499045,0.700726,2.469639,
2024-06,Stockholm-Grödinge,2.722148005,0.275717,1.310787,
2024-06,Stockholm-Käppala,2.330096609,0.307855,0.725086,
2024-06,Karlstad,1.381469412,0.276779,0.657311,
2024-06,Linköping,2.954586937,0.359826,0.902429,
2024-06,Östersund,1.529795588,0.429999,0,
2024-06,Helsingborg,1.199559285,0.211069,0,
2024-06,Kalmar,1.396380125,0.254397,0.601399,
2024-06,Luleå,1.878194829,0.185421,1.096651,
2024-06,Örebro,2.004062869,0.436006,0,
2024-06,Umeå,0.951299268,0.117575,0.037072,
2024-06,Västerås,1.716271312,NA,0,
2024-06,Östhammar,1.528785197,0.77642,0,
2024-06,Stockholm-Henriksdal,1.601275781,0.280355,0.534541,
2024-06,Stockholm-Bromma,2.352323066,0.482899,0,
2024-06,Malmö,1.457441317,0.238249,0.566667,
2024-06,Uppsala,3.656100734,0.518839,1.26102,
2024-06,Göteborg,3.576366864,0.533336,1.417834,
2024-07,Helsingborg,1.270002021,0.30304,0,
2024-07,Uppsala,1.656990523,0.159352,0.842646,
2024-07,Gävle,2.383228663,0.210526,1.154464,
2024-07,Östersund,1.025979907,0.242348,0,
2024-07,Göteborg,0.77525147,0.099529,0.404742,
2024-07,Stockholm-Grödinge,2.184813865,0.262453,1.123975,
2024-07,Jönköping,0.605562619,0.120253,0.348848,
2024-07,Stockholm-Käppala,1.366947507,0.202842,0.551699,
2024-07,Karlstad,0.665844526,0.162275,0.057442,
2024-07,Malmö,0.580246929,0.153189,0,
2024-07,Örebro,1.16650034,0.182202,1.015357,
2024-07,Umeå,0.414984273,0.127229,0.155116,
2024-07,Västerås,1.026526275,0.18408,0,
2024-07,Kalmar,1.59333833,0.328333,0,
2024-07,Östhammar,1.180875745,0.935472,0,
2024-07,Stockholm-Bromma,1.073510137,0.28309,0,
2024-07,Stockholm-Henriksdal,0.893480889,0.121419,0.381787,
2024-07,Linköping,1.805384568,0.243818,1.161002,
2024-08,Gävle,1.944566406,0.321679,0,
2024-08,Göteborg,1.448825323,0.280203,0.895231,
2024-08,Stockholm-Grödinge,1.543055427,0.33874,0,
2024-08,Helsingborg,1.04637469,0.331933,0,
2024-08,Jönköping,0.700692599,0.10559,0.271261,
2024-08,Kalmar,1.375806088,0.284927,0,
2024-08,Stockholm-Käppala,2.070104109,0.501927,2.326071,
2024-08,Malmö,1.211179489,0.310305,0,
2024-08,Örebro,1.441197321,0.274962,1.444876,
2024-08,Karlstad,0.561034838,0.103834,0.414479,
2024-08,Linköping,1.548075138,0.277836,0,
2024-08,Östhammar,1.098589107,2.547124,0,
2024-08,Umeå,0.548380268,0.038195,0.245725,
2024-08,Östersund,0.659687968,0.344891,0,
2024-08,Stockholm-Bromma,1.825533687,0.547717,0,
2024-08,Stockholm-Henriksdal,1.121752487,0.192252,0.766785,
2024-08,Uppsala,1.156702478,0.160036,1.196996,
2024-08,Västerås,0.95974898,0.236477,0,
2024-08,Luleå,0.730236057,0.233795,0.849996,
2024-09,Jönköping,0.678063956,0.18123,0.691235,
2024-09,Östersund,0.832718638,0.544953,0.399539,
2024-09,Uppsala,1.184736321,0.255479,2.003253,
2024-09,Kalmar,0.644755419,0.172494,0.198807,
2024-09,Stockholm-Käppala,2.076722253,0.463891,2.363855,
2024-09,Malmö,0.701645035,0.154657,0.77866,
2024-09,Örebro,1.346200144,0.428085,1.578264,
2024-09,Stockholm-Grödinge,1.376798354,0.342814,1.40406,
2024-09,Helsingborg,1.181794673,0.21032,1.74486,
2024-09,Karlstad,0.826628125,0.11967,0.326637,
2024-09,Luleå,0.50467779,0.159097,1.080375,
2024-09,Umeå,0.953425016,0.06444,0.550893,
2024-09,Västerås,1.414772352,0.436341,0,
2024-09,Östhammar,2.612677566,13.15251,0,
2024-09,Stockholm-Bromma,1.797142431,0.793875,5.013376,
2024-09,Gävle,2.520440194,0.611817,1.634404,
2024-09,Göteborg,1.336857784,0.37838,1.473605,
2024-09,Stockholm-Henriksdal,1.099474623,0.199524,0.898605,
2024-09,Linköping,1.089602964,0.343658166,1.523962157,
2024-10,Gävle,2.236591448,1.009250427,0,
2024-10,Kalmar,1.252238257,0.132903693,0.525512879,
2024-10,Linköping,1.875883603,0.183663549,0.774054462,
2024-10,Malmö,0.673359569,0.103347392,0.669017211,
2024-10,Örebro,1.01489853,0.113695494,0.577669742,
2024-10,Umeå,0.907175548,0.125375648,1.232913388,
2024-10,Västerås,1.129025741,0.240272426,1.363213019,
2024-10,Helsingborg,0.892472257,0.185209252,1.95288505,
2024-10,Luleå,0.788283718,0.175915214,1.184137191,
2024-10,Jönköping,0.929269318,0.194367579,1.315792907,
2024-10,Stockholm-Käppala,1.123820355,0.186820859,1.437109965,
2024-10,Östhammar,10.59706549,0,0,
2024-10,Karlstad,0.972983876,0.080554682,0,
2024-10,Stockholm-Grödinge,1.265924412,0.463811171,0,
2024-10,Göteborg,1.189747344,0.193246882,1.494497653,
2024-10,Östersund,0.891623275,0.336819333,0,
2024-10,Stockholm-Bromma,1.161720797,0.220116176,1.834441844,
2024-10,Stockholm-Henriksdal,0.630332849,0.122920148,0.884433486,
2024-10,Uppsala,0.248706045,0.185136488,1.548245269,
2024-11,Kalmar,0.78400574,0.145763,0,
2024-11,Örebro,0.41686695,0.086819,0.226746,
2024-11,Luleå,0.319202848,0.051928,0.713206,
2024-11,Göteborg,0.486322809,0.087652,0.711743,
2024-11,Linköping,0.984064279,0.084299,0.954805,
2024-11,Västerås,0.921978523,0.155689,0.58841,
2024-11,Karlstad,0.464503362,0.03909,0,
2024-11,Stockholm-Grödinge,1.112211847,0.231296,2.166904,
2024-11,Helsingborg,0.914257664,0.185188,1.912551,
2024-11,Jönköping,0.431148354,0.059317,0.722228,
2024-11,Malmö,0.622859187,0.078475,0.482656,
2024-11,Östersund,0.834840406,0.279605,0,
2024-11,Östhammar,26.27092365,0,0,
2024-11,Umeå,0.143525727,0.043588,0.501063,
2024-11,Stockholm-Bromma,0.886286047,0.209883,1.534733,
2024-11,Stockholm-Henriksdal,0.948765746,0.150604,1.02639,
2024-11,Uppsala,0.838869262,0.120613,1.172819,
2024-11,Stockholm-Käppala,0.68217995,0.08857,0.680837,
2024-11,Gävle,1.417283744,0.255494,0,
2024-12,Jönköping,1.20818324,0.150925,0.901772,
2024-12,Helsingborg,0.431731391,0.066687,1.030969,
2024-12,Gävle,1.664514804,0.650942,NA,
2024-12,Linköping,0.888785574,0.073937,0.679684,
2024-12,Stockholm-Grödinge,1.1141343,0.182058,1.34377,
2024-12,Örebro,0.610496399,0.2196,1.504377,
2024-12,Östhammar,8.855169215,NA,0,
2024-12,Malmö,0.797622915,0.112552,0.626226,
2024-12,Göteborg,0.914195927,0.14691,1.286641,
2024-12,Östersund,1.028893875,0.239554,2.163341,
2024-12,Umeå,0.710679619,0.04889,1.02532,
2024-12,Luleå,0.465450723,0.065368,0.960518,
2024-12,Stockholm-Käppala,0.760880578,0.112546,0.949718,
2024-12,Kalmar,0.416371542,0.116878,0.50425,
2024-12,Uppsala,0.806221924,0.128334,1.554426,
2024-12,Stockholm-Henriksdal,0.423342146,0.078193,0.852466,
2024-12,Stockholm-Bromma,1.014651137,0.225379,1.840162,
2024-12,Västerås,1.436888126,0.241801,1.392912,
2024-12,Karlstad,0.721831847,0.134171,NA,
2024-13,Gävle,2.259001599,0.95379291,0,
2024-13,Göteborg,1.153794155,0.235720255,1.889660316,
2024-13,Helsingborg,0.953041766,0.186007902,2.580390217,
2024-13,Örebro,0.742508351,0.153918381,1.337456679,
2024-13,Kalmar,0.605304825,0.121739866,1.046424509,
2024-13,Karlstad,0.474117556,0.041091181,0.29525551,
2024-13,Stockholm-Grödinge,1.022676849,0.272591976,2.666338744,
2024-13,Linköping,1.122620119,0.279233163,2.451900191,
2024-13,Luleå,1.124650502,0.189493824,1.662692538,
2024-13,Malmö,0.543775139,0.119708291,1.363681128,
2024-13,Östersund,1.681649634,0.289751832,2.713655548,
2024-13,Östhammar,2.191631259,0,0,
2024-13,Umeå,1.039565666,0.427430551,2.921352476,
2024-13,Västerås,2.046281424,0.595690512,0,
2024-13,Stockholm-Henriksdal,1.329135944,0.23646309,2.18771873,
2024-13,Uppsala,1.027518428,0.221414969,4.359997434,
2024-13,Jönköping,0.712997707,0.135200565,1.120139107,
2024-13,Stockholm-Bromma,1.351500524,0,0,
2024-14,Gävle,2.139345582,0.403314869,3.689441089,
2024-14,Helsingborg,0.735813587,0.233592497,2.390528224,
2024-14,Luleå,0.971215351,0.216666903,1.711451689,
2024-14,Kalmar,1.095060929,0.146477833,1.463568017,
2024-14,Karlstad,0.576976281,0.026537812,0.270710353,
2024-14,Umeå,0.780295601,0.033030174,2.94294781,
2024-14,Örebro,1.058240913,0.230472807,1.754467013,
2024-14,Göteborg,1.445889794,0.258909014,2.319545361,
2024-14,Stockholm-Käppala,1.458083008,0.178766771,1.795219186,
2024-14,Malmö,0.513958167,0.094798341,0.767526694,
2024-14,Östhammar,0,0,0,
2024-14,Stockholm-Grödinge,1.219343575,0,0,
2024-14,Linköping,2.347493713,0.275705016,2.566630539,
2024-14,Stockholm-Henriksdal,1.160324426,0.12980802,1.577930345,
2024-14,Stockholm-Bromma,1.016239575,0.154665993,1.590751319,
2024-14,Uppsala,1.482867588,0.151941041,1.645309093,
2024-14,Östersund,1.567399499,0.442515897,3.939426141,
2024-14,Jönköping,0.273709805,0.04302472,0.477816329,
2024-15,Gävle,1.601993525,0,3.558465553,
2024-15,Göteborg,1.70772933,0,3.40171402,
2024-15,Helsingborg,0.535017293,0,2.34635191,
2024-15,Stockholm-Käppala,0.869933635,0.071072929,0.905559803,
2024-15,Linköping,1.0258924,0.412512704,2.04475051,
2024-15,Örebro,1.083329689,0.17791735,1.402917353,
2024-15,Östhammar,4.175677805,0,0,
2024-15,Jönköping,0.289044436,0.038917017,0.621079514,
2024-15,Luleå,1.06847662,0.093196783,0.978785239,
2024-15,Malmö,0.566434913,0.061946229,0.802843682,
2024-15,Karlstad,0.383523513,0,0.026154591,
2024-15,Stockholm-Grödinge,0.453866364,0.057255068,0.576604482,
2024-15,Kalmar,0.37829974,0.080633498,1.178973889,
2024-15,Umeå,0.403991284,0.023715654,0.911941612,
2024-15,Stockholm-Henriksdal,0.560012274,0.056913706,0.756161934,
2024-15,Stockholm-Bromma,0.784137758,0.154436581,1.517754412,
2024-15,Uppsala,0.536191611,0.049418406,0.696915062,
2024-15,Västerås,0.52869502,0.11157,0,
2024-15,Östersund,6.562761262,0,0,
2024-16,Gävle,2.810486253,0,4.39937,
2024-16,Göteborg,2.206232478,0.20324,2.65761,
2024-16,Kalmar,0.558849695,0.09038,0.73445,
2024-16,Karlstad,0.602337862,0.00382,0,
2024-16,Linköping,1.807573988,0,1.53645,
2024-16,Luleå,0.771705879,0,1.05517,
2024-16,Umeå,0.6975197,0.02038,0.97654,
2024-16,Örebro,1.07990539,0,0,
2024-16,Västerås,1.557817763,0,0,
2024-16,Jönköping,0.728620487,0,0.46323,
2024-16,Stockholm-Grödinge,0.698779394,0,1.08667,
2024-16,Helsingborg,1.050094814,0,1.46422,
2024-16,Malmö,0.690974477,0.09698,0.97125,
2024-16,Östhammar,3.267628779,0,0,
2024-16,Stockholm-Bromma,1.502543407,0,0,
2024-16,Stockholm-Henriksdal,0.684845121,0.11015,1.16222,
2024-16,Uppsala,1.059686027,0.07505,1.50645,
2024-16,Östersund,1.537212468,0,0,
2024-17,Stockholm-Bromma,1.435941357,0.149177661,1.497350705,
2024-17,Stockholm-Henriksdal,1.040221651,0.083831011,0.859402296,
2024-17,Uppsala,1.532523223,0,1.733712128,
2024-17,Gävle,2.146656209,0,2.637890107,
2024-17,Stockholm-Käppala,1.218756829,0.121008116,1.183280166,
2024-17,Umeå,1.274047816,0.024289375,1.398345608,
2024-17,Örebro,0.767153865,0,0,
2024-17,Göteborg,1.234820616,0.12031583,1.053142846,
2024-17,Malmå,0.718407434,0.053410118,0.539662798,
2024-17,Linköping,0.949031855,0,1.445418605,
2024-17,Karlstad,0.386265742,0,0.048687359,
2024-17,Luleå,1.535108408,0,1.118336125,
2024-17,Kalmar,0.803971584,0.168596579,1.454222631,
2024-17,Västerås,1.331837166,0.271087777,1.804417011,
2024-17,Östersund,2.108444807,0,0,
2024-18,Örebro,0.946031955,0,0.882634,
2024-18,Stockholm-Käppala,2.368395391,0.254068,2.377874,
2024-18,Kalmar,1.065791456,0.091513,0.48323,
2024-18,Karlstad,0,0,0,
2024-18,Västerås,0,0,0,
2024-18,Göteborg,1.438608838,0.133138,0.895872,
2024-18,Malmö,0.809334075,0.037262,0.366178,
2024-18,Östhammar,2.376130739,0,5.646589,
2024-18,Östersund,3.65221657,0,5.019402,
2024-18,Jönköping,1.870932801,0,1.308088,
2024-18,Stockholm-Grödinge,2.278946732,0.227285,2.243089,
2024-18,Helsingborg,1.356641556,0,1.035233,
2024-18,Gävle,5.211100993,0,1.368675,
2024-18,Linköping,2.556048276,0.263795,2.982086,
2024-18,Luleå,2.176964973,0.097603,1.893723,
2024-18,Umeå,5.596119791,0,5.678394,
2024-18,Stockholm-Henriksdal,1.30966476,0.104271,1.211108,
2024-18,Uppsala,2.505062438,0,1.710788,
2024-18,Stockholm-Bromma,3.856797727,0,2.103417544,
2024-19,Gävle,2.861740434,0.239488345,0.846058822,
2024-19,Kalmar,1.210005051,0.067592068,0,
2024-19,Luleå,1.722672642,0,0.788071977,
2024-19,Linköping,4.93373137,0.286381371,1.5117128,
2024-19,Umeå,2.875990657,0,2.520554857,
2024-19,Göteborg,1.455710846,0,0.716079937,
2024-19,Stockholm-Grödinge,2.846305973,0.192676056,1.148996504,
2024-19,Helsingborg,1.661745378,0,0.625447685,
2024-19,Stockholm-Käppala,1.958414357,0.166577276,0.759336303,
2024-19,Karlstad,1.013026919,0.037266778,0.171744501,
2024-19,Västerås,1.361815864,0.049489183,0.417883995,
2024-19,Örebro,1.391953091,0.050597099,0.836936597,
2024-19,Östhammar,4.46232212,0,0.582796435,
2024-19,Stockholm-Bromma,2.933730041,0.440798869,2.025470284,
2024-19,Stockholm-Henriksdal,2.210652971,0.182229438,0.981785398,
2024-19,Uppsala,3.028333676,0.152960525,1.733879334,
2024-19,Malmö,2.237702824,0.099805265,0.415680875,
2024-19,Östersund,5.532128385,0,1.870735554,
2024-20,Luleå,6.492453345,0,1.855920834,
2024-20,Örebro,1.430648595,0,0.477933303,
2024-20,Östhammar,5.656083439,0.34894029,2.643186112,
2024-20,Linköping,2.467242577,0.114353782,0.685496424,
2024-20,Kalmar,3.130596476,0.06865376,0.578210994,
2024-20,Gävle,5.521331632,0.216702463,1.223631967,
2024-20,Göteborg,1.989805538,0.100327395,0.652226172,
2024-20,Stockholm-Grödinge,1.614225565,0,0.61882415,
2024-20,Helsingborg,3.705276716,0.058251663,0.506150128,
2024-20,Karlstad,0.946322742,0,0.099243321,
2024-20,Stockholm-Käppala,4.738136421,0.156827785,1.035449048,
2024-20,Malmö,3.14247913,0.058359966,0.534577806,
2024-20,Stockholm-Bromma,5.378927048,0.358828136,2.429955676,
2024-20,Stockholm-Henriksdal,2.877360479,0.18430862,1.252580854,
2024-20,Umeå,3.929735019,0,2.068242397,
2024-20,Uppsala,2.839983301,0.096726097,0.786241149,
2024-20,Västerås,2.892197274,0,2.75595723,
2024-20,Östersund,5.503232677,0,2.851568377,
2024-21,Östersund,2.321350398,0,0.49816,
2024-21,Örebro,1.43192713,0,0.134555,
2024-21,Västerås,1.527067066,0,0.738042,
2024-21,Luleå,3.627561354,0,0.608858,
2024-21,Helsingborg,2.359401585,0,0.38517,
2024-21,Linköping,3.092058475,0,0.532923,
2024-21,Kalmar,1.582194687,0,0.444065,
2024-21,Malmö,2.476358037,0.019276,0.221359,
2024-21,Stockholm-Grödinge,2.669709478,NA,0.393186,
2024-21,Stockholm-Käppala,1.863684818,0.073468,0.375978,
2024-21,Karlstad,0.640881814,0.020653,0.156581,
2024-21,Umeå,1.254386836,0.054146,0.292261,
2024-21,Göteborg,1.773951684,NA,0.373729,
2024-21,Östhammar,2.414656627,NA,1.088205,
2024-21,Stockholm-Henriksdal,2.04374587,0,0.319492,
2024-21,Stockholm-Bromma,3.060530408,0,0.895962,
2024-21,Uppsala,4.678261528,0.131196,0.797156,
2024-21,Gävle,4.901755076,0.174749,0.735832,
2024-22,Luleå,1.957232199,0,0,
2024-22,Stockholm-Käppala,0.929080188,NA,0.466821,
2024-22,Linköping,1.751985966,NA,NA,
2024-22,Karlstad,0.184068115,0,NA,
2024-22,Umeå,0.374381997,0,0.311315,
2024-22,Västerås,0.394724625,0,NA,
2024-22,Örebro,0.381561567,0,0,
2024-22,Stockholm-Henriksdal,0.606763343,NA,0.175086,
2024-22,Stockholm-Bromma,0.949762559,0,0.156564,
2024-22,Uppsala,0.428083354,0,0.18783,
2024-22,Gävle,0.912889898,0,0.052735,
2024-22,Stockholm-Grödinge,0.335335436,0,0.247188,
2024-22,Helsingborg,0.673265075,0,0.192049,
2024-22,Östhammar,0.472687929,0,0.328768,
2024-22,Göteborg,0.48111286,NA,0.027411,
2024-22,Malmö,0.464839676,0.011688,0.011068,
2024-22,Östersund,1.160233069,0,0,
2024-22,Kalmar,2.310840822,0,0,
2024-23,Stockholm-Bromma,1.901419855,0,1.813893927,
2024-23,Gävle,2.673771325,0,0.096302523,
2024-23,Göteborg,2.288167033,0,0,
2024-23,Stockholm-Gr�dinge,1.749224274,0.039520645,0.422908544,
2024-23,Helsingborg,2.244157745,0,2.685492198,
2024-23,Stockholm-Henriksdal,1.33590543,0,0.252356806,
2024-23,Kalmar,0.809456433,0,0,
2024-23,Stockholm-Käppala,1.551490645,0.036033743,0.467173007,
2024-23,Karlstad,1.24783224,0.025434995,0.579458344,
2024-23,Linköping,1.552648717,0,0.115515749,
2024-23,Luleå,3.189323498,0,0,
2024-23,Malmö,0.912040898,0.01466319,0.049345626,
2024-23,Umeå,1.087554822,0,0.881642644,
2024-23,Uppsala,1.469995648,0,0.775819799,
2024-23,Västerås,1.606642992,0,0,
2024-23,Örebro,1.105422576,0,0.061093036,
2024-23,Östhammar,1.559874488,0.100428908,0,
2024-23,Östersund,2.903506422,0,0,
2024-24,Örebro,3.599511604,0,0,
2024-24,Linköping,2.886026596,0,0,
2024-24,Luleå,6.550697072,0,0,
2024-24,Västerås,4.662070246,0,0,
2024-24,Gävle,3.477627718,0,0,
2024-24,Stockholm-Käppala,2.607522517,0,0,
2024-24,Stockholm-Grödinge,2.636128633,0,0.838724122,
2024-24,Östhammar,1.886842989,0,0,
2024-24,Kalmar,2.229927245,0,0.234458319,
2024-24,Uppsala,2.28648245,0,0.735769602,
2024-24,Stockholm-Bromma,3.411336444,0,0,
2024-24,Stockholm-Henriksdal,1.401690216,0,0.125776129,
2024-24,Helsingborg,2.999837178,0,0,
2024-24,Göteborg,3.060127851,0,0,
2024-24,Karlstad,4.530305129,0,0,
2024-24,Malmö,2.617134812,0.027121883,0.114428554,
2024-24,Umeå,3.312965354,0,0.597089264,
2024-24,Östersund,4.001749231,0,0,
2024-25,Göteborg,3.754415019,0,NA,
2024-25,Stockholm-Grödinge,2.489031263,0,0,
2024-25,Helsingborg,2.983275461,0,0,
2024-25,Karlstad,1.430576658,0,0,
2024-25,Luleå,5.211037966,0,0,
2024-25,Umeå,4.006757387,0,0.386213,
2024-25,Västerås,3.142192422,0,0,
2024-25,Stockholm-Bromma,3.07812998,0,0,
2024-25,Gävle,2.699070733,0,0,
2024-25,Stockholm-Henriksdal,2.395299143,0,0,
2024-25,Kalmar,2.589570141,0,NA,
2024-25,Stockholm-Käppala,3.066804985,0.056394,NA,
2024-25,Malmö,3.041499039,NA,0.154458,
2024-25,Uppsala,1.928448499,0,NA,
2024-25,Örebro,2.779312608,0,0,
2024-25,Östhammar,2.142592817,NA,0,
2024-25,Östersund,3.994867248,0,0,
2024-25,Linköping,4.09244196,0,0,
2024-26,Stockholm-Bromma,3.327131734,0.0213702,0,
2024-26,Gävle,4.616640427,0,0,
2024-26,Göteborg,3.91219433,0,0.276864582,
2024-26,Stockholm-Grödinge,2.335886942,0.04394636,0.133087477,
2024-26,Stockholm-Henriksdal,3.001787502,0.062301602,0,
2024-26,Stockholm-Käppala,2.677554138,0.08193456,0.085566202,
2024-26,Karlstad,1.863703654,0,0,
2024-26,Linköping,9.39142812,0,0,
2024-26,Luleå,5.324316115,0,0,
2024-26,Malmö,3.317587539,0.068232576,0.047840769,
2024-26,Umeå,4.257383022,0,0.13759352,
2024-26,Uppsala,3.068844559,0,0.207157266,
2024-26,Västerås,1.045372968,0,0,
2024-26,Örebro,2.244389903,0,0,
2024-26,Östhammar,4.920102771,0,0,
2024-26,Kalmar,NA,NA,NA,
2024-26,Östersund,9.40868779,0,0,
2024-26,Helsingborg,8.682579941,0,0,
2024-27,Gävle,3.543451464,0,0.8084888,
2024-27,Linköping,6.44507879,0,0,
2024-27,Luleå,5.284008215,0,0,
2024-27,Örebro,3.317705863,0,0,
2024-27,Karlstad,3.029198523,0,0,
2024-27,Kalmar,3.49559214,0,0,
2024-27,Umeå,2.544461818,0,0,
2024-27,Göteborg,4.215266793,0,0,
2024-27,Malmö,3.396008982,0,0,
2024-27,Västerås,3.889113571,0,0,
2024-27,Östhammar,3.448677653,0,0,
2024-27,Stockholm-Käppala,4.1945454,0,0,
2024-27,Stockholm-Henriksdal,2.880268856,0,0,
2024-27,Stockholm-Bromma,3.627666603,0,0,
2024-27,Uppsala,4.81779753,0.026421437,0,
2024-27,Helsingborg,5.59138138,0,0,
2024-27,Stockholm-Grödinge,3.531587333,0.086679496,0,
2024-27,Östersund,8.794974355,0,0,
2024-28,Stockholm-Bromma,7.229785309,0,0,
2024-28,Gävle,10.48288118,0.04315665,0,
2024-28,Göteborg,9.530571261,0,0,
2024-28,Stockholm-Grödinge,5.109078798,0,0,
2024-28,Helsingborg,9.144842517,0.194692775,0,
2024-28,Stockholm-Henriksdal,5.726895762,0.037354155,0,
2024-28,Kalmar,NA,NA,NA,
2024-28,Stockholm-Käppala,6.159767167,0.008087674,0,
2024-28,Karlstad,5.729416757,0,0,
2024-28,Linköping,5.250045132,0,0,
2024-28,Luleå,10.43991112,0,0,
2024-28,Malmö,8.310422719,0.238032674,0,
2024-28,Umeå,7.067167247,0,0,
2024-28,Uppsala,6.382178703,0,0,
2024-28,Västerås,13.51357349,0.02473755,0,
2024-28,Örebro,5.489872257,0,0,
2024-28,Östersund,38.71456231,0.073317548,0,
2024-28,Östhammar,16.01668372,0,0,
2024-29,Stockholm-Bromma,3.792210863,0.078629916,0,
2024-29,Gävle,4.194327911,0,0,
2024-29,Göteborg,4.825991254,0,0,
2024-29,Stockholm-Grödinge,3.06497604,0.022531661,0,
2024-29,Helsingborg,3.932970416,0.173279547,0,
2024-29,Stockholm-Henriksdal,1.094014474,0,0,
2024-29,Kalmar,3.635960357,0.041826669,0,
2024-29,Stockholm-Käppala,3.39221071,0.065864725,0,
2024-29,Karlstad,2.537340618,0,0,
2024-29,Linköping,4.841852572,0,0,
2024-29,Luleå,4.926664859,NA,0,
2024-29,Malmö,4.140907608,0.04944903,0.042568924,
2024-29,Umeå,5.333121373,0,0,
2024-29,Uppsala,4.086118487,0,0,
2024-29,Västerås,6.057721874,0,0,
2024-29,Örebro,8.605890409,0,0,
2024-29,Östersund,9.155210621,NA,0,
2024-29,Östhammar,10.23349659,0,0,
2024-30,Stockholm-Bromma,9.896352284,0.110236982,0,
2024-30,Gävle,15.95283909,0,0,
2024-30,Göteborg,9.503234275,0.160897668,0,
2024-30,Stockholm-Grödinge,8.204198961,0.079933863,0,
2024-30,Helsingborg,10.63428672,0.266236675,0,
2024-30,Stockholm-Henriksdal,7.377532928,NA,0,
2024-30,Kalmar,12.48840144,0.073119428,0,
2024-30,Stockholm-Käppala,6.648801778,0.063603164,NA,
2024-30,Karlstad,4.121202331,0,0,
2024-30,Linköping,7.176383275,0,NA,
2024-30,Luleå,7.485252965,NA,0,
2024-30,Malmö,7.893086263,0.083697848,0,
2024-30,Umeå,7.517253915,0,0,
2024-30,Uppsala,6.789271904,0.035535217,0,
2024-30,Västerås,7.124805913,0,0,
2024-30,Örebro,3.447268716,0,0,
2024-30,Östersund,58.05170528,0.433435492,0,
2024-30,Östhammar,10.77418276,0,0,
2024-31,Stockholm-Bromma,6.720384751,0.070363271,NA,
2024-31,Gävle,10.71953951,0,0,
2024-31,Göteborg,7.607701069,NA,0,
2024-31,Helsingborg,8.09855861,0.144601779,0,
2024-31,Stockholm-Henriksdal,5.913115594,0.046540574,0,
2024-31,Kalmar,6.433488051,0,0,
2024-31,Stockholm-Käppala,5.641199261,NA,NA,
2024-31,Karlstad,6.424249662,NA,0.141112531,
2024-31,Linköping,7.752519662,NA,NA,
2024-31,Luleå,5.164623613,NA,0,
2024-31,Umeå,4.794757327,0,0,
2024-31,Uppsala,6.462635808,0.061446872,0,
2024-31,Västerås,5.589372039,0,0,
2024-31,Örebro,5.714428819,0,0,
2024-31,Östhammar,17.59694793,NA,0,
2024-31,Östersund,26.79719863,0.832377653,0,
2024-31,Malmö,7.219534607,0.036788446,NA,
2024-32,Stockholm-Bromma,7.168412758,0.12438619,0.351764804,
2024-32,Gävle,13.85082218,0.471627411,NA,
2024-32,Göteborg,6.909427851,0,0,
2024-32,Stockholm-Grödinge,8.314779286,0.425359802,0.13348728,
2024-32,Helsingborg,10.53736467,0.062116255,0,
2024-32,Stockholm-Henriksdal,7.138368267,0.0444756,NA,
2024-32,Kalmar,9.037516754,0.105872322,NA,
2024-32,Västerås,8.394285403,0.20182153,0,
2024-32,Karlstad,10.55850915,NA,NA,
2024-32,Linköping,9.661681948,NA,0,
2024-32,Luleå,6.552330676,NA,0,
2024-32,Malmö,6.472590577,0.077678745,0,
2024-32,Umeå,5.466719037,0.117093352,0,
2024-32,Uppsala,16.37412046,0.115341256,NA,
2024-32,Örebro,5.139112131,0,0,
2024-32,Östhammar,21.20056412,0.985271782,0,
2024-32,Östersund,38.45695923,NA,0,
2024-32,Stockholm-Käppala,9.523044007,0.021438944,0,
2024-33,Gävle,18.638499,0.041353271,0,
2024-33,Göteborg,8.809680177,NA,0,
2024-33,Helsingborg,10.67667051,0.176596723,0,
2024-33,Stockholm-Henriksdal,6.074786981,0.062703819,NA,
2024-33,Stockholm-Käppala,10.01226184,0.009621366,0.044909182,
2024-33,Karlstad,7.219221093,NA,0,
2024-33,Uppsala,18.84993266,NA,NA,
2024-33,Malmö,6.365037478,0.040649798,0.076552804,
2024-33,Örebro,8.960169024,0,0,
2024-33,Östersund,30.25558574,0.486477076,NA,
2024-33,Stockholm-Bromma,11.4606162,0.042384122,0,
2024-33,Linköping,11.56121464,0.972008303,NA,
2024-33,Luleå,14.30641251,0,0,
2024-33,Umeå,3.515628572,0,0,
2024-33,Kalmar,14.56370626,NA,NA,
2024-33,Västerås,2.988449234,0,0,
2024-34,Stockholm-Bromma,5.638263914,0.011508398,0.143224197,
2024-34,Gävle,11.87598589,0.021652546,NA,
2024-34,Göteborg,4.501199729,0.101186297,NA,
2024-34,Stockholm-Grödinge,9.802025223,NA,0,
2024-34,Helsingborg,6.824926246,NA,0,
2024-34,Stockholm-Henriksdal,4.617094929,0.030425619,NA,
2024-34,Kalmar,7.865034381,NA,0,
2024-34,Stockholm-Käppala,6.97087221,0.026992307,0,
2024-34,Karlstad,7.302332561,0.029222541,0,
2024-34,Linköping,9.045101639,NA,0,
2024-34,Malmö,5.120513385,0.041439964,0.099373644,
2024-34,Uppsala,15.03478417,NA,NA,
2024-34,Örebro,5.582512425,0,0,
2024-34,Östersund,8.779134392,NA,0,
2024-34,Östhammar,18.92445333,0,0,
2024-34,Luleå,5.764299834,0,0,
2024-34,Umeå,7.074537832,0,0,
2024-34,Västerås,NA,NA,NA,
2024-35,Stockholm-Grödinge,8.921329939,0.011204588,NA,
2024-35,Kalmar,6.979214797,0.011369628,NA,
2024-35,Karlstad,4.91514406,0,0,
2024-35,Linköping,12.49442992,0.04969868,0.316229324,
2024-35,Västerås,5.610827468,0,0,
2024-35,Örebro,8.229811155,0,NA,
2024-35,Östhammar,14.58248213,0,0,
2024-35,Gävle,10.32450789,0.029148831,0,
2024-35,Göteborg,6.260302427,0.055373324,0,
2024-35,Helsingborg,6.201580426,0.025064678,NA,
2024-35,Stockholm-Henriksdal,6.340196961,0.006716599,0,
2024-35,Stockholm-Käppala,5.405636425,0.015174572,NA,
2024-35,Malmö,4.984065363,0.019815583,0,
2024-35,Östersund,13.54309106,0.021488178,0,
2024-35,Stockholm-Bromma,7.758432922,0.013995599,0,
2024-35,Uppsala,13.43244666,NA,0,
2024-35,Luleå,4.603860406,0,0,
2024-35,Umeå,3.403789268,0,0,
2024-36,Gävle,8.270172186,NA,0,
2024-36,Karlstad,6.411786869,0,0,
2024-36,Linköping,8.111438863,0,0,
2024-36,Malmö,5.140536048,0.041946207,NA,
2024-36,Östersund,7.861921745,0,0,
2024-36,Stockholm-Grödinge,6.503206735,NA,0,
2024-36,Stockholm-Käppala,6.445294597,0.029860083,0.032853358,
2024-36,Örebro,5.069213664,NA,0,
2024-36,Göteborg,4.430053192,0.024298995,NA,
2024-36,Umeå,5.530672602,NA,0,
2024-36,Västerås,3.783842987,0.011563044,0.062011817,
2024-36,Luleå,4.061906476,0,NA,
2024-36,Stockholm-Bromma,6.858839556,NA,0,
2024-36,Stockholm-Henriksdal,6.882560052,NA,NA,
2024-36,Kalmar,7.929511118,0,0,
2024-36,Uppsala,6.179065201,0.092522076,0,
2024-36,Östhammar,8.577288834,0,0,
2024-36,Helsingborg,4.981699617,NA,1.217909817,
2024-37,Gävle,6.485290015,0,0,
2024-37,Göteborg,4.416687621,0.162295056,0,
2024-37,Stockholm-Grödinge,8.067376431,0.039815917,0,
2024-37,Helsingborg,2.984419277,0,0.067465227,
2024-37,Kalmar,4.934372546,NA,0,
2024-37,Karlstad,2.419939307,0.001012903,0,
2024-37,Stockholm-Käppala,5.422910649,0.061345304,0,
2024-37,Linköping,9.754486586,0,0,
2024-37,Luleå,4.931320011,0.025629092,0,
2024-37,Malmö,1.608541642,0.026109499,0,
2024-37,Umeå,4.646870888,NA,0,
2024-37,Västerås,2.641968601,NA,0,
2024-37,Örebro,4.996920094,0,NA,
2024-37,Östersund,4.850850698,0,0,
2024-37,Östhammar,9.520844078,0,0,
2024-37,Stockholm-Henriksdal,4.538159903,0.092352654,0,
2024-37,Uppsala,10.54816216,NA,0,
2024-38,Gävle,6.916734892,0.429444,0,
2024-38,Stockholm-Grödinge,6.415485413,0,0,
2024-38,Helsingborg,5.422516293,0,0,
2024-38,Kalmar,4.790481721,0,0,
2024-38,Stockholm-Käppala,5.783847678,NA,0.448433,
2024-38,Karlstad,7.459530236,NA,0,
2024-38,Linköping,8.004573017,NA,0,
2024-38,Luleå,4.630877416,0,0,
2024-38,Malmö,2.853592662,0.07324,0,
2024-38,Umeå,3.529470108,0,0,
2024-38,Västerås,3.463070207,0,0,
2024-38,Örebro,5.072107363,0,0,
2024-38,Östersund,5.929655401,0,0,
2024-38,Östhammar,9.752551073,0,0,
2024-38,Stockholm-Bromma,7.477717013,0,0,
2024-38,Uppsala,9.67625116,NA,0,
2024-39,Uppsala,6.587641424,NA,0,
2024-39,Umeå,3.733601475,0,0,
2024-39,Kalmar,9.059341672,0,0,
2024-39,Östersund,9.640502211,0,0,
2024-39,Gävle,9.597147861,0,0,
2024-39,Luleå,9.485896671,0,0,
2024-39,Helsingborg,8.235432442,0.986644,0,
2024-39,Stockholm-Bromma,5.066098647,0,0,
2024-39,Östhammar,5.441597264,0,0,
2024-39,Linköping,6.706476039,0,0,
2024-39,Stockholm-Käppala,7.020357187,0.197244,0.10977,
2024-39,Örebro,3.723379295,0,0,
2024-39,Karlstad,8.340284476,0,0,
2024-39,Västerås,4.324466942,0,0,
2024-39,Göteborg,3.728476478,0,0,
2024-39,Stockholm-Grödinge,5.527736287,0,0,
2024-39,Malmö,2.85873512,0,0,